Row Labels,2023-05-03,2023-05-05,2023-05-06,2023-05-07,2023-05-08,2023-05-09,2023-05-10,2023-05-11,2023-05-12,2023-05-13,2023-05-14,2023-05-15,2023-05-16,2023-05-17,2023-05-18,2023-05-19,2023-05-20,2023-05-21,2023-05-22,2023-05-23,2023-05-24,2023-05-25,2023-05-26,2023-05-27,2023-05-28,2023-05-29,2023-05-30,2023-05-31,2023-06-01,2023-06-02,2023-06-03,2023-06-04,2023-06-05,2023-06-06,2023-06-07,2023-06-08,2023-06-09,2023-06-10,2023-06-11,2023-06-12,2023-06-13,2023-06-14,2023-06-15,2023-06-16,2023-06-17,2023-06-18,2023-06-19,2023-06-20,2023-06-21,2023-06-22,2023-06-23,2023-06-24,2023-06-25,2023-06-26,2023-06-27,2023-06-28,2023-06-29,2023-06-30,2023-07-01,2023-07-02,2023-07-03,2023-07-04,2023-07-05,2023-07-06,2023-07-07,2023-07-08,2023-07-09,2023-07-10,2023-07-11,2023-07-12,2023-07-13,2023-07-14,2023-07-15,2023-07-16,2023-07-17,2023-07-18,2023-07-19,2023-07-20,2023-07-21,2023-07-22,2023-07-23,2023-07-24,2023-07-25,2023-07-26,2023-07-27,2023-07-28,2023-07-29,2023-07-30,2023-07-31,2023-08-01,2023-08-02,2023-08-03,2023-08-04,2023-08-05,2023-08-06,2023-08-07,2023-08-08,2023-08-09,2023-08-10,2023-08-11,2023-08-12,2023-08-13,2023-08-14,2023-08-15,2023-08-16,2023-08-17,2023-08-18,2023-08-19,2023-08-20,2023-08-21,2023-08-22,2023-08-23,2023-08-24,2023-08-25,2023-08-26,2023-08-27,2023-08-28,2023-08-29,2023-08-30,2023-08-31,2023-09-01,2023-09-02,2023-09-03,2023-09-04,2023-09-05,2023-09-06,2023-09-07,2023-09-08,2023-09-09,2023-09-10,2023-09-11,2023-09-12,2023-09-13,2023-09-14,2023-09-15,2023-09-16,2023-09-17,2023-09-18,2023-09-19,2023-09-20,2023-09-21,2023-09-22,2023-09-23,2023-09-24,2023-09-25,2023-09-26,2023-09-27,2023-09-28,2023-09-29,2023-09-30,2023-10-01,2023-10-02,2023-10-03,2023-10-04,2023-10-05,2023-10-06,2023-10-07,2023-10-08,2023-10-09,2023-10-10,2023-10-11,2023-10-12,2023-10-13,2023-10-14,2023-10-15,2023-10-16,2023-10-17,2023-10-18,2023-10-19,2023-10-20,2023-10-21,2023-10-22,2023-10-23,2023-10-24,2023-10-25,2023-10-26,2023-10-27,2023-10-28,2023-10-29,2023-10-30,2023-10-31,2023-11-01,2023-11-02,2023-11-03,2023-11-04,2023-11-05,2023-11-06,2023-11-07,2023-11-08,2023-11-09,2023-11-10,2023-11-11,2023-11-12,2023-11-13,2023-11-14,2023-11-15,2023-11-16,2023-11-17,2023-11-18,2023-11-19,2023-11-20,2023-11-21,2023-11-22,2023-11-23,2023-11-24,2023-11-25,2023-11-26,2023-11-27,2023-11-28,2023-11-29,2023-11-30,2023-12-01,2023-12-02,2023-12-03,2023-12-04,2023-12-05,2023-12-06,2023-12-07,2023-12-08,2023-12-09,2023-12-10,2023-12-11,2023-12-12,2023-12-13,2023-12-14,2023-12-15,2023-12-16,2023-12-17,2023-12-18,2023-12-19,2023-12-20,2023-12-21,2023-12-22,2023-12-23,2023-12-24,2023-12-25,2023-12-26,2023-12-27,2023-12-28,2023-12-29,2023-12-30,2023-12-31,2024-01-01,2024-01-02,2024-01-03,2024-01-04,2024-01-05,2024-01-06,2024-01-07,2024-01-08,2024-01-09,2024-01-10,2024-01-11,2024-01-12,2024-01-13,2024-01-14,2024-01-15,2024-01-16,2024-01-17,2024-01-18,2024-01-19,2024-01-20,2024-01-21,2024-01-22,2024-01-23,2024-01-24,2024-01-25,2024-01-26,2024-01-27,2024-01-28,2024-01-29,2024-01-30,2024-01-31,2024-02-01,2024-02-02,2024-02-03,2024-02-04,2024-02-05,2024-02-06,2024-02-07,2024-02-08,2024-02-09,2024-02-10,2024-02-11,2024-02-12,2024-02-13,2024-02-14,2024-02-15,2024-02-16,2024-02-17,2024-02-18,2024-02-19,2024-02-20,2024-02-21,2024-02-22,2024-02-23,2024-02-24,2024-02-25,2024-02-26,2024-02-27,2024-02-28,2024-02-29,2024-03-01,2024-03-02,2024-03-03,2024-03-04,2024-03-05,2024-03-06,2024-03-07,2024-03-08,2024-03-09,2024-03-10,2024-03-11,2024-03-12,2024-03-13,2024-03-14,2024-03-15,2024-03-16,2024-03-17,2024-03-18,2024-03-19,2024-03-20,2024-03-21,2024-03-22,2024-03-23,2024-03-24,2024-03-25,2024-03-26,2024-03-27,2024-03-28,2024-03-29,2024-03-30,2024-03-31,2024-04-01,2024-04-02,2024-04-03,2024-04-04,2024-04-05,2024-04-06,2024-04-07,2024-04-08,2024-04-09,2024-04-10,2024-04-11,2024-04-12,2024-04-13,2024-04-14,2024-04-15,2024-04-16,2024-04-17,2024-04-18,2024-04-19,2024-04-20,2024-04-21,2024-04-22,2024-04-23,2024-04-24,2024-04-25,2024-04-26,2024-04-27,2024-04-28,2024-04-29,2024-04-30,2024-05-01,2024-05-02,2024-05-03,2024-05-04,2024-05-05,2024-05-06,2024-05-07,2024-05-08,2024-05-09,2024-05-10,2024-05-11,2024-05-12,2024-05-13,2024-05-14,2024-05-15,2024-05-16,2024-05-17,2024-05-18,2024-05-19,2024-05-20,2024-05-21,2024-05-22,2024-05-23,2024-05-24,2024-05-25,2024-05-26,2024-05-27,2024-05-28,2024-05-29,2024-05-30,2024-05-31,2024-06-01,2024-06-02,2024-06-03,2024-06-04,2024-06-05,2024-06-06,2024-06-07,2024-06-08,2024-06-09,2024-06-10,2024-06-11,2024-06-12,2024-06-13,2024-06-14,2024-06-15,2024-06-16,2024-06-17,2024-06-18,2024-06-19,2024-06-20,2024-06-21,2024-06-22,2024-06-23,2024-06-24,2024-06-25,2024-06-26,2024-06-27,2024-06-28,2024-06-29,2024-06-30,2024-07-01,2024-07-02,2024-07-03,2024-07-04,2024-07-05,2024-07-06,2024-07-07,2024-07-08,2024-07-09,2024-07-10,2024-07-11,2024-07-12,2024-07-13,2024-07-14,2024-07-15,2024-07-16,2024-07-17,2024-07-18,2024-07-19,2024-07-20,2024-07-21,2024-07-22,2024-07-23,2024-07-24,2024-07-25,2024-07-26,2024-07-27,2024-07-28,2024-07-29,2024-07-30,2024-07-31,2024-08-01,2024-08-02,2024-08-03,2024-08-04,2024-08-05,2024-08-06,2024-08-07,2024-08-08,2024-08-09,2024-08-10,2024-08-11,2024-08-12,2024-08-13,2024-08-14,2024-08-15,2024-08-16,2024-08-17,2024-08-18,2024-08-19,2024-08-20,2024-08-21,2024-08-22,2024-08-23,2024-08-24,2024-08-25,2024-08-26,2024-08-27,2024-08-28,2024-08-29,2024-08-30,2024-08-31,2024-09-01,2024-09-02,2024-09-03,2024-09-04,2024-09-05,2024-09-06,2024-09-07,2024-09-08,2024-09-09,2024-09-10,2024-09-11,2024-09-12,2024-09-13,2024-09-14,2024-09-15,2024-09-16,2024-09-17,2024-09-18,2024-09-19,2024-09-20,2024-09-21,2024-09-22,2024-09-23,2024-09-24,2024-09-25,2024-09-26,2024-09-27,2024-09-28,2024-09-29,2024-09-30,2024-10-01,2024-10-02,2024-10-03,2024-10-04,2024-10-05,2024-10-06,2024-10-07,2024-10-08,2024-10-09,2024-10-10,2024-10-11,2024-10-12,2024-10-13,2024-10-14,2024-10-15,2024-10-16,2024-10-17,2024-10-18,2024-10-19,2024-10-20,2024-10-21,2024-10-22,2024-10-23,2024-10-24,2024-10-25,2024-10-26,2024-10-27,2024-10-28,2024-10-29,2024-10-30,2024-10-31,2024-11-01,2024-11-02,2024-11-03,2024-11-04,2024-11-05,2024-11-06,2024-11-07,2024-11-08,2024-11-09,2024-11-10,2024-11-11
05:00,,,,,,,,,,,,,,,,,,,,,,,,,,,,,,,,,,,,,,,,,,,,,,,,,,,,,,,,,,,,,,,,,,,,,,,,,,,,,,,,,,,,,,,,,,,,,,,,,,,,,,,,,,,,,,,,,,,,,,,,,,,,,,,,,,,,,,,4,2,2,7,7,7,4,4,2,2,3,6,8,6,6,2,2,9,6,5,7,5,2,2,6,11,8,8,10,2,2,6,7,10,8,10,2,2,11,5,5,6,7,2,2,2,2,2,3,3,2,2,3,2,2,3,2,2,2,2,3,3,3,3,2,2,2,3,2,3,3,2,2,2,3,3,3,3,2,2,3,2,3,3,2,2,2,4,3,4,3,3,2,2,3,3,3,3,3,2,2,2,3,3,2,2,2,2,2,3,3,2,3,2,2,2,2,3,3,3,2,2,3,3,3,3,3,3,,3,3,3,3,3,2,2,3,3,3,3,3,2,2,3,3,,3,3,2,2,3,3,3,3,3,2,2,3,3,3,2,2,2,3,3,2,3,4,3,2,2,3,3,3,3,3,2,2,4,4,3,3,3,2,2,3,3,3,3,3,2,2,3,3,3,3,3,2,2,2,3,6,,3,2,2,3,4,3,3,3,2,2,7,9,8,5,5,2,2,6,7,7,8,7,2,2,6,9,2,4,6,2,2,6,8,5,2,2,2,2,6,4,4,9,5,2,2,2,11,9,12,6,2,2,12,5,5,6,4,2,2,7,8,7,5,4,2,2,10,6,5,8,5,2,2,4,7,7,8,6,2,2,4,4,3,3,3,2,2,4,6,4,4,3,2,2,5,6,3,5,4,2,2,3,3,3,3,3,2,2,3,3,3,3,2,2,2,3,3,3,3,3,2,2,3,3,4,3,3,2,2,4,3,3,2,2,2,2,3,3,3,,3,2,2,4,3,3,3,4,2,2,3,5,4,4,5,2,2,9,6,5,6,4,2,2,5,7,3,7,4,2,2,5,8,11,6,6,3,2,9,11,7,10,11,2,2,5,8,6,13,4,2,2,4,4,6,4,15,2,2,7,7,7,4,4,2,2,3,3,3,3,2,2,2,3,3,3,3,3,2,1.966666,1.933333
05:15,,,,,,,,,,,,,,,,,,,,,,,,,,,,,,,,,,,,,,,,,,,,,,,,,,,,,,,,,,,,,,,,,,,,,,,,,,,,,,,,,,,,,,,,,,,,,,,,,,,,,,,,,,,,,,,,,,,,,,,,,,,,,,,,,,,,,,,3,2,2,6,5,4,4,3,2,2,3,6,4,3,4,2,2,7,5,3,5,4,2,2,6,11,6,6,10,2,2,6,8,8,7,7,2,2,8,7,3,5,4,2,2,2,2,2,3,3,2,2,3,3,3,4,4,2,2,2,3,3,3,3,2,2,3,3,3,3,3,2,2,3,3,3,3,3,2,2,5,3,3,3,3,2,2,4,4,4,3,3,3,2,3,3,3,3,3,2,3,2,3,3,2,2,2,2,2,3,3,3,3,2,2,3,3,3,3,4,2,2,4,4,3,4,4,2,,6,3,4,4,4,2,2,3,4,3,4,4,3,2,4,4,,3,3,2,2,3,3,3,4,3,2,2,3,3,3,3,2,3,2,4,3,2,3,3,2,2,3,4,4,3,3,2,3,4,5,4,3,4,2,2,3,3,3,3,3,2,2,3,3,3,4,3,2,2,2,3,5,,3,2,2,,3,3,4,3,2,2,6,8,7,4,4,2,2,6,8,8,7,6,2,2,6,8,2,3,6,2,2,7,8,4,2,2,2,2,4,4,3,10,4,2,2,2,8,8,10,4,2,2,7,4,6,3,3,2,2,3,5,4,4,3,3,2,7,4,4,5,3,2,2,3,6,5,6,3,2,2,4,3,3,3,3,3,2,3,4,3,4,3,2,2,3,4,3,3,3,2,2,3,3,3,3,2,2,2,2,3,3,3,3,2,2,3,3,3,2,2,2,2,3,3,3,3,3,2,2,3,4,3,2,2,2,2,3,3,3,,3,3,2,4,3,3,3,3,2,2,3,5,3,3,3,2,2,9,5,5,5,3,2,2,5,7,3,4,3,2,2,4,9,11,6,4,3,2,9,9,6,7,7,2,2,3,7,6,14,3,2,2,3,3,4,3,11,2,2,6,6,5,3,4,3,2,3,4,4,4,2,2,2,3,4,3,3,3,2,1.983333,2.616666
05:30,,,,,,,,,,,,,,,,,,,,,,,,,,,,,,,,,,,,,,,,,,,,,,,,,,,,,,,,,,,,,,,,,,,,,,,,,,,,,,,,,,,,,,,,,,,,,,,,,,,,,,,,,,,,,,,,,,,,,,,,,,,,,,,,,,,,,,,3,2,2,6,3,3,3,3,2,2,3,4,3,3,3,2,2,3,5,3,4,3,2,2,6,9,4,3,12,2,2,4,7,6,6,5,2,2,8,6,3,4,3,2,2,3,3,2,5,3,2,2,3,5,5,5,5,2,2,2,6,6,6,5,2,2,4,4,5,5,4,2,2,6,6,5,6,5,2,2,8,5,6,6,3,2,2,7,5,5,4,4,3,3,4,5,4,3,3,2,2,3,3,3,3,3,2,2,3,3,3,3,3,2,3,5,7,6,5,6,2,2,5,7,7,6,7,2,,11,,7,7,8,2,3,7,5,5,8,4,3,2,6,6,7,10,7,2,2,5,2,6,6,3,2,2,5,4,6,4,4,2,2,7,5,3,7,4,2,3,4,9,6,6,4,3,2,7,9,8,3,5,2,2,4,4,4,5,4,2,2,4,3,5,4,3,2,2,2,3,4,9,3,3,2,6,4,3,4,3,2,2,5,7,6,4,4,2,2,5,7,6,5,3,2,2,3,6,3,3,5,2,2,5,7,3,2,2,2,2,3,3,3,7,3,2,2,2,8,9,8,3,2,2,7,3,4,3,3,2,2,3,3,3,3,3,2,2,6,3,3,3,4,3,2,4,5,4,3,3,2,2,3,3,,2,4,3,2,3,3,3,4,3,2,2,3,3,3,3,3,2,2,3,3,3,3,2,2,2,3,,3,3,3,2,2,3,3,3,3,3,2,2,3,3,3,3,3,2,2,3,3,3,2,2,3,2,3,3,3,,3,3,2,3,3,3,3,3,2,2,3,4,3,3,3,2,2,8,3,4,3,3,2,2,3,5,3,3,3,2,3,4,8,7,4,3,3,2,7,6,4,5,5,3,2,4,5,4,15,3,2,2,3,3,3,3,10,2,2,6,5,4,3,3,3,2,4,5,6,7,2,2,2,5,7,,3,,,2.316666,2.533333
05:45,,,,,,,,,,,,,,,,,,,,,,,,,,,,,,,,,,,,,,,,,,,,,,,,,,,,,,,,,,,,,,,,,,,,,,,,,,,,,,,,,,,,,,,,,,,,,,,,,,,,,,,,,,,,,,,,,,,,,,,,,,,,,,,,,,,,,,,3,2,2,4,2,3,3,3,2,2,3,3,3,3,3,2,2,3,4,2,3,3,2,2,5,7,3,3,8,2,2,3,5,4,3,3,2,2,6,3,3,3,3,2,2,3,3,2,4,3,2,2,4,6,5,6,4,2,2,2,9,6,6,6,2,2,5,9,7,5,7,2,3,8,9,7,8,6,2,2,9,8,7,7,4,2,2,12,8,7,4,5,2,3,5,7,6,4,3,2,2,2,3,3,3,3,2,2,3,3,3,3,3,2,2,6,7,6,6,8,2,2,7,10,8,7,9,2,,13,8,10,10,10,2,2,10,7,5,10,7,2,2,10,9,13,12,8,3,2,6,9,8,11,3,2,2,8,5,7,5,5,2,2,9,7,7,11,5,2,3,6,9,6,6,4,3,2,8,13,8,3,5,2,2,5,5,4,5,4,2,2,7,4,6,3,3,2,2,3,3,3,,3,2,2,3,3,3,3,3,2,2,3,5,4,4,3,2,2,4,5,5,3,3,2,2,3,5,3,3,3,2,2,4,4,3,3,2,2,2,3,3,3,5,3,2,2,3,10,7,4,3,3,2,5,3,3,3,3,2,2,3,2,2,3,3,2,2,3,3,3,3,3,2,2,3,3,3,3,3,2,2,3,3,3,3,3,2,2,3,3,2,3,3,2,2,3,3,3,3,3,2,2,3,3,3,3,3,2,2,3,3,3,2,3,2,2,3,3,3,4,2,2,2,3,4,3,3,3,2,2,3,3,3,2,2,3,2,3,3,3,,3,2,2,3,3,3,3,3,3,3,3,3,3,3,2,2,2,3,3,3,3,3,2,2,3,4,3,3,4,2,2,3,6,4,3,3,2,3,4,4,3,3,3,3,2,3,3,3,12,3,3,2,3,3,4,3,9,2,2,4,4,3,3,3,2,2,5,7,9,9,3,2,2,5,8,7,5,4,,2.416666,2.366666
06:00,,,2,2,4,3,,4,3,2,2,3,4,3,2,3,2,2,2,4,3,3,3,2,2,2,3,3,3,3,2,2,3,3,3,3,3,2,2,3,3,3,3,,2,2,2,2,3,3,3,2,2,3,3,3,3,3,2,2,3,3,3,2,3,2,2,2,2,3,2,2,2,2,2,2,2,2,2,2,2,3,2,3,3,2,2,2,3,2,2,3,2,2,2,3,3,2,2,3,2,2,2,2,3,3,2,2,2,2,1,2,2,2,2,2,2,3,3,3,3,2,2,3,3,3,5,3,2,2,3,2,3,3,3,2,2,3,3,3,3,2,2,2,3,3,3,3,3,2,2,2,3,3,3,2,2,2,3,5,3,3,5,2,2,3,3,2,3,2,2,2,2,3,3,3,3,2,2,3,3,2,4,3,2,2,3,4,7,6,3,2,2,3,6,6,5,6,2,2,5,10,6,4,5,2,2,10,9,7,10,5,2,2,8,9,6,4,4,2,2,15,8,6,,4,2,2,4,7,6,3,4,2,2,2,3,3,3,3,2,2,2,3,4,3,3,2,2,5,8,6,,8,2,2,9,10,8,7,9,2,,14,7,12,10,7,2,2,10,6,5,11,9,2,2,9,8,13,13,6,2,2,4,15,9,10,3,2,2,5,6,6,4,4,2,2,13,7,5,11,5,2,2,6,5,3,5,3,2,2,8,8,8,4,4,2,2,4,5,3,3,4,2,2,7,4,6,3,3,2,2,3,3,3,4,3,2,2,3,4,3,3,3,2,2,3,3,3,3,3,2,2,3,3,3,3,5,2,2,3,3,2,3,3,2,2,3,3,3,3,3,2,2,2,3,3,3,3,2,2,3,7,5,3,2,2,2,3,3,3,3,3,2,2,3,3,3,3,3,2,2,3,2,5,3,3,2,2,3,2,3,,3,2,2,3,3,3,3,3,2,2,3,3,3,3,3,2,2,3,3,3,3,3,2,2,2,3,3,3,3,2,2,3,3,3,3,3,2,2,3,3,3,3,2,2,2,3,3,3,3,3,2,2,3,3,3,2,2,2,3,3,3,3,,3,2,2,3,3,3,4,3,2,2,3,3,3,3,3,2,2,3,3,3,3,4,2,2,3,3,3,3,4,2,2,4,3,3,3,3,2,2,3,3,3,3,3,3,2,3,4,3,10,3,3,2,3,3,4,3,4,2,4,3,3,3,4,3,3,2,4,11,13,9,2,2,2,5,8,7,6,4,2,2.3,2.183333
06:15,,,2,2,4,4,,4,3,2,2,3,3,3,2,3,2,2,3,4,3,3,2,2,2,2,2,3,3,3,2,2,3,3,4,3,3,2,2,4,3,3,3,,2,2,2,2,2,3,2,2,2,3,3,3,3,3,2,2,,3,2,2,2,2,2,3,2,3,3,2,2,2,3,2,2,2,2,2,2,2,3,2,3,2,2,2,3,2,3,3,2,2,2,3,3,2,2,2,2,2,2,3,3,3,2,2,2,2,2,3,3,2,2,2,3,3,3,2,2,2,2,3,2,3,5,3,2,2,3,3,3,3,3,2,2,4,3,3,3,3,2,2,3,3,2,3,3,2,2,3,2,3,2,3,2,2,3,3,3,3,4,2,2,3,2,3,3,3,2,2,3,3,3,3,2,2,2,3,3,2,3,3,3,2,3,3,7,4,3,2,2,2,6,4,6,5,2,2,5,8,5,3,5,2,2,8,7,6,11,3,2,2,7,7,6,3,3,2,2,13,4,3,4,3,2,2,4,4,4,3,3,2,2,,2,2,3,3,2,2,2,3,3,3,3,2,,4,8,5,5,7,2,2,12,9,8,7,7,3,,15,5,12,9,7,2,2,6,4,4,13,11,2,2,11,7,12,10,5,2,2,3,16,9,8,3,2,2,3,4,5,3,3,2,2,11,5,4,7,3,2,2,4,5,3,4,3,2,2,9,6,8,4,3,2,2,4,4,4,3,3,2,2,4,4,4,4,3,3,2,2,3,4,,3,2,2,3,3,3,3,2,2,2,3,3,3,3,3,2,2,3,3,3,3,5,2,2,3,3,2,3,3,2,2,3,3,2,2,3,2,2,3,3,3,2,2,2,2,2,3,3,3,3,2,2,3,3,3,3,3,2,2,3,3,2,3,3,2,2,3,3,6,3,2,2,2,3,3,3,3,3,2,2,3,3,,3,2,2,2,3,4,3,,3,2,2,3,3,3,3,3,2,2,2,3,3,3,,,2,3,3,3,,3,2,2,3,3,2,3,3,2,2,3,3,3,3,3,2,2,3,2,3,2,2,2,3,3,3,3,,3,2,2,3,3,2,3,3,2,2,3,4,3,4,3,2,2,3,3,3,3,4,2,2,3,3,3,4,4,2,2,3,3,3,3,3,2,2,3,3,3,3,3,2,3,2,4,3,9,3,2,2,3,3,4,3,3,2,3,3,3,3,3,3,2,2,3,9,18,5,2,2,2,4,7,4,4,3,2,2.066666,2.05
06:30,,,2,2,3,5,,4,3,2,2,3,4,3,2,3,2,2,3,4,3,3,3,2,2,2,3,3,3,3,2,2,2,3,4,3,3,2,2,4,3,3,3,3,2,2,3,3,3,2,2,2,2,3,3,2,3,3,2,2,3,2,2,3,2,,2,3,2,2,,3,2,2,,2,2,2,2,2,2,3,2,2,3,2,2,2,2,2,3,3,2,2,2,3,3,2,2,2,2,2,2,3,3,2,3,2,2,3,2,3,2,2,2,2,2,3,3,2,3,2,2,3,2,3,4,3,2,2,3,3,2,2,3,2,2,3,2,3,5,3,2,2,3,3,3,2,2,2,2,3,2,3,3,3,2,2,3,3,3,3,3,3,2,3,3,3,3,3,2,2,3,3,3,3,3,2,2,3,3,2,3,3,2,2,3,3,7,3,3,2,2,3,6,3,4,4,2,2,5,7,5,3,4,2,2,6,5,6,10,3,2,2,5,7,4,3,3,2,2,9,4,3,4,3,2,2,3,3,4,4,3,2,2,2,2,,3,3,2,2,3,3,3,3,3,2,2,4,6,4,5,6,2,2,11,8,7,5,5,3,,14,4,9,8,4,2,2,4,3,3,15,13,2,2,10,7,11,11,4,2,2,3,11,8,9,3,2,2,3,3,5,3,3,2,2,9,3,4,6,4,2,2,3,4,3,4,3,2,2,8,8,6,3,3,2,2,4,3,3,3,3,2,2,3,4,3,5,3,2,2,2,3,3,6,3,2,2,3,3,3,3,3,2,2,3,3,3,3,3,2,2,3,3,3,3,5,2,2,3,3,2,3,3,2,2,3,3,2,2,2,2,2,3,3,3,3,2,3,2,2,3,3,3,3,2,2,3,3,3,2,3,2,2,3,3,3,3,3,2,2,3,3,6,3,4,2,2,3,3,3,3,3,2,2,3,4,3,,3,2,2,3,4,3,3,3,2,2,3,3,3,3,3,2,2,3,3,3,3,3,2,2,3,3,3,3,3,2,2,,3,3,3,3,2,2,3,4,3,3,3,2,2,3,3,3,2,2,2,2,3,3,4,,3,2,2,3,3,3,3,3,2,2,3,3,3,4,3,2,2,3,3,4,3,3,2,2,3,3,3,4,3,2,2,3,3,3,4,3,2,2,3,3,3,3,3,2,3,3,3,3,7,3,2,2,3,3,3,3,4,2,3,3,3,3,3,3,3,2,3,7,15,3,2,2,2,3,4,3,3,3,2,2.05,1.95
06:45,,,2,2,3,4,,5,3,2,2,3,3,3,2,2,2,2,3,3,3,3,3,2,2,2,3,3,3,3,2,2,2,3,3,3,2,2,2,4,3,3,6,3,2,2,2,3,3,2,2,2,2,4,2,2,3,4,2,2,3,2,2,3,3,2,2,2,2,2,3,2,2,2,3,2,2,3,2,2,2,3,2,2,2,2,2,2,2,2,3,3,2,2,2,3,2,3,2,2,2,2,3,2,3,2,3,2,2,3,3,2,2,2,2,2,2,3,3,2,3,2,2,2,2,2,4,2,2,2,3,3,3,2,3,2,2,3,2,2,5,3,2,2,3,2,3,3,2,2,2,3,2,3,3,2,3,2,3,3,2,4,3,2,2,3,3,3,2,3,2,2,3,3,3,3,3,2,2,2,2,2,2,3,2,2,3,3,4,3,3,2,2,3,6,3,3,3,2,2,5,7,4,3,3,2,2,5,4,5,8,3,2,2,6,5,3,3,3,2,2,8,4,3,4,3,3,2,3,4,3,4,3,2,2,2,3,3,3,3,2,2,3,4,3,3,3,2,2,3,7,3,4,5,2,2,9,7,5,4,4,2,,10,3,9,3,3,2,2,4,4,4,14,9,2,2,8,7,8,8,3,3,2,3,10,5,5,3,2,2,3,3,4,3,3,2,2,7,3,4,5,4,2,2,3,3,4,4,4,2,2,7,5,5,3,3,2,2,4,3,3,3,3,2,2,3,4,3,3,3,2,2,2,3,3,6,3,2,2,3,3,3,3,3,2,2,3,3,3,3,3,3,2,2,3,3,3,3,2,2,3,3,2,3,3,2,2,3,3,3,2,2,2,2,3,3,3,3,3,3,2,2,3,3,3,3,2,2,2,3,3,3,3,2,2,2,3,3,2,3,2,2,3,2,4,3,5,2,2,3,3,3,3,3,2,2,3,3,3,3,3,2,2,3,3,3,3,3,2,2,3,3,3,3,3,2,4,3,3,2,3,3,2,2,3,3,3,3,3,2,2,3,3,3,3,3,2,2,3,3,3,3,3,2,2,3,3,3,2,2,2,2,3,3,3,,3,2,2,3,3,3,3,3,2,2,2,3,3,3,3,2,2,3,3,3,3,3,3,2,3,3,3,5,3,2,2,3,3,3,3,3,2,2,3,4,3,3,3,2,2,3,3,3,3,3,2,2,3,2,3,3,3,2,3,3,3,3,3,3,3,2,3,5,12,4,2,2,2,3,3,3,3,3,3,1.966666,2.666666
07:00,,,2,2,3,3,,4,3,2,2,3,3,3,2,3,2,2,3,3,2,3,3,2,2,2,3,3,3,3,2,2,3,3,3,3,2,2,2,4,3,2,6,3,2,2,2,2,3,3,2,2,2,4,2,2,3,3,2,2,2,2,2,2,3,3,2,3,3,,2,2,2,2,3,3,3,3,2,2,2,2,2,2,2,3,2,2,2,2,3,3,2,2,2,2,3,3,2,3,2,2,3,2,3,2,3,2,2,3,3,2,2,2,2,2,2,3,3,2,2,2,2,2,2,2,3,3,2,2,3,3,3,3,3,2,2,3,2,2,4,3,2,2,3,3,3,3,3,2,2,3,3,3,3,2,3,2,3,3,2,4,3,2,2,3,2,3,2,3,2,2,2,4,3,3,3,2,2,2,2,2,3,3,2,2,3,3,3,3,4,2,2,3,6,3,3,3,2,2,4,4,3,3,3,2,2,3,3,4,6,3,2,2,,4,4,3,3,2,2,5,3,3,3,3,2,2,3,3,3,3,3,2,2,2,3,2,3,2,2,2,3,4,3,3,,2,2,3,5,3,3,3,2,2,7,8,4,3,4,2,,,3,6,3,3,2,2,4,4,3,10,7,2,2,5,5,5,4,3,2,2,3,7,4,4,3,2,2,3,3,3,3,3,2,2,6,4,3,4,3,2,2,4,3,4,4,4,2,2,5,4,4,3,4,2,2,3,3,3,3,3,2,3,3,3,3,3,3,2,2,2,2,3,3,3,2,2,3,3,3,3,3,2,2,4,3,3,3,3,3,2,2,3,3,2,4,2,2,3,3,2,3,3,2,2,2,3,4,2,2,2,2,3,3,3,3,3,2,2,2,3,3,3,3,2,2,3,3,3,3,3,2,2,3,3,3,2,3,2,2,3,3,7,3,2,2,2,2,3,3,3,3,2,2,3,3,3,3,3,2,3,3,3,3,3,3,2,2,3,3,3,3,3,2,2,3,3,2,3,3,2,2,2,3,3,3,3,2,2,2,2,3,2,3,2,2,3,2,3,2,3,2,2,3,2,3,2,2,2,2,3,3,3,,3,2,2,3,3,3,3,2,2,2,3,2,3,3,3,3,2,3,3,3,2,3,2,2,3,3,3,4,3,2,2,3,3,3,3,3,2,2,3,3,3,3,3,2,2,3,3,3,3,3,2,2,3,3,3,3,3,2,2,3,3,3,3,3,3,2,3,3,7,3,2,2,2,4,3,4,3,4,3,2.6,2.566666
07:15,,,2,2,4,3,,5,3,2,2,4,4,3,2,3,2,2,2,4,5,3,4,3,2,2,3,4,3,3,2,2,3,3,3,3,3,3,2,4,3,3,4,3,2,2,3,3,2,3,3,2,2,4,2,2,2,2,2,2,2,2,2,3,,2,2,3,3,3,2,2,2,2,2,3,2,3,2,2,2,2,2,2,2,3,2,2,3,2,3,2,2,2,2,2,3,2,2,2,2,2,3,2,3,3,2,2,2,3,3,2,3,3,2,2,2,2,3,2,2,2,2,2,3,3,3,3,2,2,3,3,2,3,3,2,2,3,3,3,3,3,2,2,4,3,3,3,3,2,2,3,2,3,3,3,2,2,3,3,2,4,3,2,2,3,3,2,2,3,2,2,3,3,2,3,2,2,2,2,2,2,3,3,2,2,3,2,2,2,4,2,2,3,4,3,3,3,3,2,3,3,3,3,3,3,2,3,3,3,6,3,2,2,4,3,5,3,3,2,2,3,4,3,4,3,2,2,4,3,3,3,2,2,2,2,3,3,2,2,2,2,2,3,3,3,2,2,2,3,3,3,5,3,2,2,5,5,4,3,,2,,4,3,4,3,3,2,2,3,5,3,5,6,2,2,4,3,4,3,3,2,2,4,5,3,3,3,2,2,4,3,3,3,3,2,2,6,3,3,3,3,2,2,4,3,3,4,4,2,2,3,3,3,5,4,2,2,3,3,3,3,3,2,2,3,3,3,3,3,2,2,2,2,2,3,3,2,2,2,3,4,3,3,2,2,3,3,3,3,3,2,2,3,3,3,3,3,2,2,3,3,2,3,3,2,2,2,3,4,2,2,2,2,3,3,3,5,3,2,2,2,3,3,3,3,2,2,3,3,3,3,3,2,2,3,3,3,2,2,2,2,3,2,7,2,3,2,2,2,4,3,2,3,2,2,3,3,3,2,3,2,3,3,3,3,3,3,2,2,3,3,3,4,3,2,2,3,3,2,3,2,2,2,3,3,3,3,3,2,2,3,2,3,3,3,2,2,3,3,2,2,3,2,2,3,2,3,2,2,2,2,4,3,3,,2,2,2,2,3,3,3,2,2,2,3,2,3,3,3,3,2,3,3,3,3,3,2,2,3,3,3,5,3,2,2,3,3,3,3,3,2,3,3,3,3,3,4,2,2,3,3,3,3,3,2,2,3,3,3,3,3,2,2,3,3,3,3,3,3,2,3,3,4,3,2,2,2,3,3,3,4,4,2,2.466666,2.35
07:30,,,2,2,3,3,,3,3,2,2,3,4,3,2,3,2,2,3,4,4,3,3,2,2,2,3,3,3,3,2,2,3,3,3,3,3,2,2,3,3,3,4,3,2,2,2,3,3,3,3,2,2,5,2,2,2,3,2,2,2,2,3,3,2,2,2,2,2,2,2,2,2,2,2,3,3,2,2,2,2,2,3,2,3,2,2,2,3,3,2,2,2,2,2,2,3,2,2,2,2,2,2,2,3,3,3,2,2,2,3,2,3,3,2,2,2,2,3,3,3,2,2,2,2,2,2,3,2,2,2,3,3,3,2,2,2,3,3,3,3,3,2,2,4,3,3,3,3,2,2,3,3,2,3,3,2,2,3,3,2,3,3,2,2,3,3,2,3,3,2,2,2,2,3,2,2,2,2,2,2,2,3,3,3,2,3,3,2,3,2,2,2,3,3,3,3,2,3,2,3,3,3,3,3,2,2,3,3,3,6,2,2,2,3,3,6,3,3,2,2,2,4,3,4,3,2,2,3,4,3,3,2,2,2,2,2,3,2,2,2,2,2,3,3,3,2,2,2,3,3,3,5,3,2,2,3,3,3,3,3,2,,3,2,3,3,3,2,2,3,5,3,4,3,2,2,3,3,3,3,3,2,2,3,4,4,3,3,2,2,5,4,3,3,2,2,2,5,4,3,3,3,2,2,4,4,3,3,3,2,2,3,3,3,4,4,3,2,4,4,3,3,3,2,2,3,3,3,3,3,3,2,2,3,3,3,2,2,2,3,3,3,3,3,2,2,3,3,2,3,4,2,2,3,3,3,3,3,2,2,3,2,2,3,2,2,2,3,3,3,2,2,2,2,3,3,4,6,3,2,2,3,2,3,2,2,2,2,3,3,3,3,2,2,2,3,3,3,3,3,2,2,3,2,6,2,3,2,2,4,4,3,3,2,2,2,2,3,3,2,2,2,2,3,3,3,3,3,3,2,3,3,4,3,3,2,2,3,3,2,2,3,2,2,3,2,3,2,3,2,2,,2,3,3,2,2,2,3,3,3,2,3,2,2,3,3,3,2,2,2,2,3,3,4,,3,2,2,3,3,3,3,3,2,2,3,3,3,3,3,2,2,2,3,3,3,4,2,2,3,3,3,4,3,2,2,3,3,3,3,3,2,2,3,3,3,3,4,2,2,3,3,3,4,3,3,2,2,3,3,4,3,2,2,3,3,4,3,3,3,2,3,4,3,3,2,2,2,3,4,3,3,3,2,2.1,2.3
07:45,,,3,2,3,3,,3,5,2,2,3,3,3,3,3,2,2,3,4,3,3,3,2,2,2,3,3,3,3,2,2,3,3,3,4,3,2,2,3,3,3,4,3,2,2,2,2,3,2,2,2,2,5,2,2,3,3,2,2,3,2,3,2,2,2,2,2,2,3,2,2,2,2,3,2,2,2,2,2,2,2,3,2,2,2,2,2,3,3,2,2,2,2,2,2,3,2,3,2,2,2,2,2,3,2,3,2,2,3,3,2,3,3,2,2,2,2,3,3,3,2,2,3,3,3,2,2,2,2,2,3,3,3,3,2,2,2,3,3,3,3,2,2,3,2,3,3,3,2,2,3,3,2,2,3,2,2,3,3,3,3,3,2,2,3,3,3,3,3,2,2,2,3,3,2,3,2,2,2,2,2,2,2,3,2,3,3,2,3,3,2,2,3,3,2,3,2,2,2,2,3,3,6,3,2,2,4,3,3,5,3,2,2,3,4,6,3,3,2,2,3,3,3,3,4,2,2,3,4,3,3,3,2,2,2,2,3,2,2,2,2,2,3,3,3,3,2,2,4,3,3,4,3,2,2,4,3,3,3,4,2,,2,3,3,3,3,2,2,3,8,3,3,3,2,2,3,3,3,3,3,2,2,3,4,3,3,3,2,2,5,3,3,3,3,2,2,3,3,3,3,3,2,2,4,3,3,3,3,2,2,3,4,4,3,4,3,2,4,3,3,3,3,2,2,4,3,3,3,3,2,2,2,3,3,3,3,3,2,3,3,2,3,3,2,2,3,3,3,3,3,3,2,3,3,3,3,2,2,2,2,3,2,2,3,2,2,3,3,3,2,3,2,2,3,3,3,2,3,2,2,2,3,3,2,3,2,2,3,3,3,3,2,2,2,3,3,3,3,3,2,2,3,2,3,3,3,2,2,4,3,2,3,3,2,2,2,3,3,2,2,2,2,3,3,3,3,3,3,2,2,3,3,2,3,2,2,3,2,3,2,3,2,2,3,3,3,3,3,2,2,2,3,2,3,2,2,2,3,3,3,3,3,2,2,2,3,3,2,2,2,2,3,2,4,,3,2,2,3,3,2,2,3,2,2,3,3,3,3,3,2,2,2,3,4,3,4,2,2,4,3,3,3,3,2,2,3,3,3,3,3,2,2,3,3,3,3,4,2,2,4,3,3,4,4,2,2,2,3,3,3,4,2,2,2,3,4,3,3,2,2,3,4,3,3,2,2,2,3,3,3,2,3,2,2.133333,1.983333
08:00,,,3,2,3,4,,3,3,2,2,3,3,3,3,2,2,2,3,3,3,3,3,2,2,2,3,3,3,3,2,2,3,3,3,3,3,2,2,4,3,3,3,,2,2,3,2,2,2,2,2,2,3,2,2,3,2,2,2,3,2,3,2,2,2,2,3,2,3,2,2,2,2,2,2,3,2,2,2,2,3,3,2,2,2,2,2,2,2,2,2,2,2,2,2,3,2,3,3,2,2,2,2,2,3,3,2,2,3,3,3,2,2,2,2,3,3,2,3,3,2,2,3,3,3,2,2,2,2,3,3,3,3,3,2,2,3,3,3,3,3,2,2,2,3,3,3,3,2,2,3,3,3,3,3,2,2,3,2,3,3,2,2,2,3,3,3,3,3,2,2,2,3,3,3,2,2,2,2,2,2,3,2,3,2,2,3,3,3,3,2,2,3,3,2,3,3,2,2,3,3,3,6,2,2,2,5,3,3,4,2,2,2,3,4,3,3,3,2,2,3,3,3,3,3,2,2,3,4,3,2,3,2,2,3,3,3,3,2,2,2,3,3,3,3,3,2,2,3,4,3,4,3,2,2,3,3,4,3,4,2,,3,3,2,3,3,2,2,4,9,5,3,3,2,2,2,3,3,4,3,2,2,2,3,3,3,2,2,2,3,3,3,3,3,2,2,3,3,3,3,4,2,2,3,3,6,3,3,2,2,3,3,4,3,3,2,2,3,4,3,3,3,2,2,3,3,3,3,3,2,2,2,3,3,3,3,2,2,3,3,3,3,3,2,2,3,3,3,3,3,3,2,2,3,3,3,2,2,2,3,3,2,3,3,2,2,2,3,3,2,3,2,2,3,3,2,3,3,2,2,2,3,3,3,3,2,3,3,3,3,2,3,2,2,3,3,3,3,3,2,2,3,3,3,3,2,2,2,3,3,2,2,3,2,2,3,3,3,2,2,2,2,3,3,3,3,3,2,2,2,3,3,2,2,2,2,2,3,2,2,2,2,2,2,2,3,3,3,2,2,3,3,2,2,2,2,2,3,3,3,3,3,2,2,3,3,2,2,2,2,2,3,2,4,,3,3,2,3,3,3,3,3,2,2,3,3,4,2,2,2,2,2,2,3,3,3,2,2,3,3,3,3,4,2,2,3,3,3,3,3,2,2,3,4,3,3,4,2,2,3,3,3,3,3,2,2,3,3,3,3,3,2,2,3,3,3,3,3,2,2,4,3,3,3,3,2,2,3,2,4,3,3,2,2.066666,1.95
08:15,,,3,2,3,3,,3,3,2,2,3,3,3,2,3,2,2,2,3,3,3,3,2,2,2,3,3,3,3,2,2,3,3,4,3,3,2,2,4,3,3,3,3,2,2,2,2,2,2,2,2,2,2,2,3,3,2,2,2,2,2,2,2,2,2,2,2,2,2,2,3,2,2,2,3,3,3,2,2,2,3,2,2,3,2,2,2,2,3,3,2,2,2,2,3,3,2,2,3,2,2,3,2,2,3,3,2,2,3,3,3,3,2,2,2,2,3,2,2,3,2,2,3,3,3,3,3,2,2,3,3,3,3,3,2,2,3,3,3,3,3,2,2,2,3,3,2,3,3,2,3,2,3,3,3,2,2,3,3,2,3,3,2,2,3,3,3,3,3,2,2,3,4,3,3,3,2,2,3,3,2,3,3,2,2,3,2,3,3,3,2,2,3,3,2,3,2,2,2,3,3,3,6,3,3,2,6,3,3,3,3,2,2,3,4,3,3,3,2,2,3,,3,3,3,2,2,4,4,3,2,3,2,2,2,2,3,3,2,2,2,3,3,3,2,3,2,2,3,3,3,3,3,2,2,3,3,3,3,3,2,,3,3,3,3,3,2,2,4,8,3,3,3,2,2,3,3,3,3,3,3,2,2,2,3,3,3,2,2,3,3,3,3,2,2,2,4,3,3,3,3,2,2,3,3,6,2,3,2,2,3,3,3,3,3,2,2,3,3,3,3,3,2,2,2,3,3,4,3,2,2,2,3,3,3,3,3,2,2,3,3,3,3,2,2,2,3,3,3,3,2,2,3,2,3,3,3,2,2,3,3,2,3,2,2,2,3,3,2,2,2,2,2,2,3,3,2,3,2,2,2,3,3,3,3,2,3,3,3,2,2,3,2,2,3,3,3,3,3,2,2,3,3,3,3,3,2,2,3,3,3,2,3,2,2,3,3,3,2,3,2,2,3,3,3,3,3,2,2,3,3,3,3,3,2,2,2,3,3,3,3,,2,2,2,3,2,3,2,2,3,3,3,3,3,2,2,3,3,3,3,4,2,2,3,3,3,2,2,2,2,3,3,3,,2,3,2,3,3,3,3,3,2,2,3,3,3,3,2,2,2,3,3,4,3,3,2,2,3,3,3,3,4,2,2,4,3,3,2,3,2,2,3,3,3,3,3,3,2,3,2,3,3,3,2,3,3,3,3,3,3,2,2,4,3,3,3,3,2,2,3,3,3,3,2,2,2,3,2,3,3,3,2,1.966666,2
08:30,,,2,2,3,3,,3,3,2,2,3,3,3,2,3,2,2,3,3,3,3,3,2,2,3,3,3,2,3,2,2,3,3,3,3,3,2,2,3,3,3,3,3,2,2,3,2,3,2,2,2,2,2,3,2,3,2,2,2,3,2,2,2,3,,2,3,2,2,3,3,2,2,2,3,3,3,2,2,2,3,2,3,2,2,2,2,3,3,3,2,2,2,2,3,3,3,2,3,2,2,2,2,3,2,3,2,2,3,3,3,2,2,2,2,2,3,2,3,2,2,2,2,3,3,3,3,2,2,2,2,3,3,3,2,2,3,3,3,3,4,2,2,3,3,2,3,3,3,2,3,2,3,3,3,2,2,3,3,2,3,3,2,2,3,3,3,2,3,2,2,3,3,2,3,3,2,2,2,3,2,3,3,2,2,3,3,3,3,2,2,2,3,3,2,3,3,2,2,2,3,3,4,3,3,2,5,3,3,3,3,2,2,3,4,3,3,3,2,2,2,2,2,2,3,2,2,4,3,3,2,3,2,2,2,2,3,2,3,2,2,2,2,4,2,3,2,2,3,3,3,3,3,2,2,,4,3,3,3,2,,3,,3,3,2,2,2,3,6,3,3,3,2,2,3,3,3,3,3,3,2,4,3,3,3,2,2,2,3,3,3,3,2,2,2,4,3,3,3,3,2,2,3,3,4,4,3,2,2,3,3,2,3,3,2,2,4,3,3,2,3,2,2,2,3,3,7,3,2,2,2,4,3,3,3,3,2,3,3,3,3,3,2,2,2,3,3,3,3,2,2,3,3,3,3,3,2,2,2,3,2,3,2,2,2,3,3,3,2,2,3,2,3,2,3,2,3,2,2,2,3,3,3,3,2,4,3,3,3,2,3,2,2,3,3,3,2,3,2,2,3,3,2,3,3,2,2,3,3,3,3,3,2,2,3,3,3,3,3,3,2,3,3,3,3,3,2,2,3,3,3,3,5,2,2,2,3,3,3,3,2,2,,2,3,3,3,2,2,3,3,3,3,3,2,3,3,2,3,3,4,2,2,3,3,3,2,3,2,2,3,3,3,,2,2,2,3,3,3,3,3,2,2,3,3,2,3,2,2,2,3,3,3,3,4,2,2,4,3,3,3,3,2,2,3,3,3,3,3,2,2,3,3,3,3,3,3,2,3,3,3,3,3,2,2,3,3,3,3,3,2,2,4,3,3,3,3,2,2,3,3,4,3,2,2,2,2,3,3,3,3,2,1.966666,2
08:45,,,2,2,3,3,,3,3,2,2,3,4,3,2,3,2,2,3,3,3,3,3,3,2,3,3,3,3,3,2,2,3,3,3,2,3,2,2,3,3,3,3,9,2,2,3,3,3,2,3,2,2,2,3,2,2,2,2,2,3,2,3,2,3,2,2,3,,2,3,3,2,2,3,2,2,3,2,2,2,3,3,3,2,2,2,2,3,3,3,2,3,2,2,3,3,3,2,3,2,2,2,2,3,3,3,2,2,2,3,3,2,2,2,2,2,3,3,2,3,2,2,3,3,3,3,4,2,2,3,2,3,3,3,3,2,2,3,3,3,3,2,3,3,3,2,3,3,2,2,3,3,3,3,3,2,2,3,3,3,3,2,2,2,3,3,3,2,3,2,2,3,3,3,3,3,2,2,2,3,2,3,2,2,2,2,3,3,2,2,2,2,2,3,2,3,3,2,2,3,2,3,3,3,2,2,4,2,3,3,3,2,2,3,3,3,3,3,2,2,3,3,3,3,3,2,2,3,3,3,3,2,2,2,2,3,3,3,3,2,,2,3,3,3,3,2,2,3,3,3,3,3,2,2,3,3,3,3,3,2,,3,3,3,3,3,2,2,3,6,3,3,2,2,2,3,3,3,3,3,2,2,4,3,3,2,3,2,2,3,3,3,3,3,2,2,3,3,3,2,3,2,2,3,4,3,3,3,2,2,3,3,3,3,3,2,2,4,3,3,3,3,3,2,4,3,3,3,3,2,2,2,3,3,3,4,2,2,3,3,3,3,3,2,2,3,3,3,2,3,2,2,3,3,3,3,3,2,2,2,3,2,3,2,2,2,3,3,3,2,3,2,2,3,2,3,3,3,2,2,2,3,3,3,3,2,3,3,3,3,3,3,2,2,3,3,3,3,3,2,2,3,3,3,3,3,2,2,3,2,3,3,,3,2,3,3,3,3,3,3,2,3,3,3,3,3,2,2,3,2,3,2,4,2,2,3,2,3,3,3,2,2,3,3,3,2,3,2,2,3,3,3,2,3,2,2,3,3,3,3,3,2,2,3,3,3,2,3,2,2,3,3,3,,3,2,2,3,3,3,3,3,2,2,4,2,2,3,3,2,2,2,3,3,3,3,2,2,3,3,3,3,3,2,2,3,3,3,3,3,2,2,3,3,3,3,3,3,2,3,3,4,3,3,3,2,3,3,3,3,3,2,2,3,3,3,3,3,2,2,3,3,3,3,2,2,2,3,3,3,3,3,3,1.983333,1.983333
09:00,,,2,2,3,3,,3,3,3,2,3,4,3,3,2,2,2,4,3,3,3,3,3,2,2,3,3,3,3,3,2,3,3,3,3,3,2,2,3,3,3,3,3,2,2,2,3,3,2,3,2,2,3,2,2,2,2,2,2,3,3,3,2,3,2,2,2,3,3,3,2,2,2,3,3,2,2,2,2,2,3,2,3,2,2,2,2,3,3,2,2,3,2,2,2,3,3,2,3,2,2,2,2,2,3,2,2,2,2,3,3,3,3,2,2,2,3,3,3,3,2,2,3,3,3,3,3,2,2,3,2,3,3,3,2,2,3,3,3,4,3,2,2,3,3,2,3,2,2,2,3,3,3,3,2,2,2,3,2,3,3,2,2,2,2,3,3,3,2,2,2,3,3,3,3,2,2,2,3,3,2,2,3,2,2,2,3,3,2,2,3,2,2,3,3,3,2,2,2,3,3,3,2,2,3,2,3,3,3,3,3,2,2,3,3,3,2,3,2,2,3,,4,3,2,2,2,3,3,3,3,3,2,2,2,3,3,2,3,2,2,2,3,3,3,3,2,2,3,3,3,3,3,2,2,3,3,3,3,3,,,3,4,3,3,3,2,2,3,7,3,3,3,2,2,3,3,3,3,3,2,2,4,3,3,3,3,2,2,3,2,3,3,3,2,2,3,3,3,3,3,2,2,3,4,3,3,3,2,2,3,4,4,3,4,2,2,3,3,3,3,3,3,2,3,3,3,2,3,2,2,2,2,3,3,3,2,2,3,3,3,3,3,2,2,3,3,3,3,3,2,2,3,3,3,3,3,2,3,3,3,2,3,3,2,2,3,3,3,2,3,2,2,3,2,3,3,2,2,2,2,3,3,3,3,2,3,3,3,3,3,3,3,2,3,3,3,3,3,2,2,3,3,3,3,2,2,2,3,3,3,2,3,2,2,3,3,3,3,3,2,2,3,3,3,3,3,2,2,3,3,2,3,3,2,2,3,3,3,2,3,2,2,3,3,3,2,3,2,2,3,2,2,3,3,2,2,3,3,2,3,3,2,2,3,3,3,2,3,2,2,3,3,2,,2,2,2,3,4,3,2,3,2,2,4,3,2,3,3,2,2,3,3,3,3,4,2,2,3,3,3,3,3,2,2,3,3,3,3,3,2,2,3,3,3,3,3,3,2,3,3,3,3,3,3,2,3,3,3,3,5,2,2,3,3,3,3,3,2,2,3,4,4,4,2,2,2,3,3,3,3,3,2,1.966666,1.966666
09:15,,3,3,2,3,3,,3,3,2,2,3,3,3,2,3,2,2,3,3,3,3,3,3,2,2,3,3,3,3,2,2,3,2,3,3,3,2,2,3,3,2,3,4,2,2,2,2,3,2,2,2,2,2,2,3,2,3,2,2,3,3,3,2,3,2,2,2,2,3,3,2,2,2,,3,2,2,3,2,2,3,2,2,3,2,2,2,3,3,3,3,3,2,2,2,3,3,2,2,2,2,2,2,3,3,3,2,2,3,3,3,2,3,2,2,3,3,3,3,3,2,2,2,2,3,2,3,2,2,2,2,3,3,3,2,2,2,3,3,4,2,2,2,3,2,3,3,2,2,2,2,3,3,3,2,2,2,3,3,3,2,3,2,2,2,2,3,2,3,2,2,3,3,2,3,2,2,2,3,3,2,2,3,2,2,3,3,3,3,3,2,2,2,3,3,3,3,3,2,3,3,3,3,2,2,2,3,3,3,2,5,2,2,3,3,3,2,3,2,2,3,,4,3,3,2,2,3,3,2,2,3,2,2,2,2,3,3,3,2,2,2,,3,2,3,2,2,3,3,3,3,3,2,2,3,3,3,3,3,3,,3,3,3,3,3,3,2,3,7,3,3,3,2,2,3,3,5,3,3,3,2,3,2,3,3,3,2,2,3,2,3,3,3,2,2,4,3,3,3,3,2,2,4,3,4,3,3,2,2,3,3,3,3,3,2,2,3,3,3,3,3,2,2,3,3,3,3,3,2,2,2,3,3,2,3,2,2,3,3,3,3,2,2,2,3,3,4,2,3,2,3,3,3,3,3,3,2,3,2,3,3,3,3,2,3,3,3,3,2,3,2,2,3,2,3,3,3,2,2,2,3,3,3,3,2,2,3,3,2,3,3,2,2,3,3,3,2,3,2,2,3,3,3,3,3,2,2,3,3,,3,3,2,2,3,3,3,3,3,2,2,3,2,3,3,2,2,2,3,3,3,3,3,2,2,3,3,3,2,3,2,2,3,3,3,3,2,2,2,3,2,2,3,2,2,2,3,3,3,3,2,2,2,3,3,3,2,3,2,2,2,3,2,,3,2,2,3,3,3,3,3,2,2,3,3,3,3,3,2,2,3,3,3,3,3,3,2,3,3,3,3,3,2,2,3,3,3,3,3,2,2,3,3,2,3,3,2,2,3,3,3,3,2,2,2,2,3,3,3,4,2,2,3,3,3,3,3,2,2,3,3,4,3,2,2,2,4,3,4,3,3,2,2.016666,1.95
09:30,,3,3,2,3,3,,3,3,2,2,3,3,3,3,3,2,2,3,3,3,3,3,3,2,2,3,3,3,3,2,2,4,3,3,2,3,2,2,3,3,3,4,,2,2,2,3,2,2,3,2,2,2,3,2,3,3,2,2,,3,2,3,2,2,2,2,2,2,3,3,2,2,,3,3,2,3,2,2,3,2,2,3,2,2,2,3,2,2,3,3,2,2,2,3,3,2,2,2,2,2,2,3,2,3,2,2,3,3,3,2,2,2,2,3,3,2,3,2,2,2,2,3,3,2,3,2,2,3,2,3,3,3,3,2,3,3,3,3,3,2,2,3,3,3,3,2,2,2,2,3,3,3,3,2,2,3,3,3,3,2,2,2,3,2,3,2,3,2,2,3,3,2,3,2,2,2,2,3,2,2,3,2,2,3,2,3,3,3,2,2,2,3,2,4,3,3,2,3,3,3,2,3,2,2,3,2,3,3,4,2,2,4,3,3,3,3,2,2,3,4,4,4,3,2,2,3,3,3,3,3,2,2,2,2,2,3,2,2,2,2,3,2,2,2,2,,2,3,3,3,3,2,2,3,3,3,3,3,3,,3,3,3,3,3,2,2,3,5,3,3,3,2,2,2,3,5,3,3,3,2,3,3,3,3,3,2,2,3,3,3,3,3,2,2,4,3,3,3,3,2,2,3,3,3,3,3,2,2,4,3,3,3,3,2,2,3,3,3,3,3,2,2,3,3,2,3,3,2,2,2,3,3,2,2,2,2,3,3,3,3,2,2,2,3,3,3,3,3,2,3,3,3,3,3,3,3,2,3,3,2,2,3,2,3,2,3,3,2,3,2,2,3,3,3,3,3,2,2,2,3,3,3,,2,3,3,2,3,3,3,2,2,3,3,3,3,3,2,2,3,3,2,3,3,2,2,3,3,3,3,3,2,2,2,3,3,3,3,2,2,2,3,3,3,3,2,2,3,2,4,3,3,2,2,3,3,3,3,3,2,2,3,2,3,3,3,2,2,3,3,2,2,3,2,3,2,3,3,2,3,2,2,3,3,3,2,2,2,2,2,3,3,,3,2,2,3,3,2,3,3,2,2,3,3,4,3,3,2,2,3,3,2,3,3,2,2,3,3,3,4,3,2,2,3,3,3,3,3,3,2,3,3,2,3,3,3,2,3,3,4,3,3,2,2,3,3,2,3,3,2,2,3,3,3,4,3,2,2,3,3,4,3,2,2,2,4,3,4,3,3,3,2,1.95
09:45,,3,2,2,3,3,,3,3,2,2,3,3,3,3,2,2,2,3,3,3,3,3,5,2,2,2,3,3,3,3,2,3,3,3,3,3,2,2,3,3,3,3,3,2,2,2,3,2,3,2,2,2,3,3,3,2,3,2,2,2,3,2,3,2,2,2,2,2,,2,3,2,2,2,2,3,4,2,2,2,3,2,3,3,3,2,2,3,2,2,3,3,2,2,3,3,2,2,3,2,2,2,2,2,3,3,2,2,3,3,3,2,3,2,2,2,3,3,2,2,2,2,3,3,3,2,2,2,2,3,3,3,2,3,3,2,3,2,3,3,3,2,2,3,3,3,3,4,2,2,3,3,2,3,3,2,2,3,3,3,3,2,2,2,4,3,3,2,3,2,2,3,3,3,3,2,2,2,2,2,2,2,3,2,3,2,3,3,3,3,2,2,2,3,2,3,3,2,2,3,3,3,3,3,2,2,3,3,3,3,2,2,2,3,3,3,3,3,2,2,2,2,4,4,3,2,2,3,3,3,3,3,2,2,2,3,2,2,2,,2,2,3,2,3,2,2,2,2,2,3,3,3,2,2,3,,3,3,3,2,,,,3,3,3,2,2,3,3,4,3,3,2,2,2,3,3,3,3,2,2,3,3,3,3,2,2,2,3,3,3,3,2,2,2,3,3,3,3,3,2,2,3,4,4,3,3,2,2,3,4,3,3,3,2,2,3,2,3,3,3,2,2,3,3,2,2,3,2,2,2,3,3,3,3,2,2,3,3,3,3,3,2,3,3,3,3,3,3,3,2,3,3,3,3,3,3,2,3,3,2,2,3,2,3,3,3,3,2,3,2,2,3,3,3,3,3,2,2,2,3,3,3,3,2,3,2,3,3,2,3,2,2,2,3,3,3,2,2,2,3,3,2,3,3,2,2,3,3,3,3,3,2,3,3,3,3,2,3,2,2,2,3,3,3,3,2,2,3,3,4,3,3,2,2,3,,3,3,3,2,2,3,3,3,2,3,2,,3,3,3,2,3,2,3,2,3,3,3,3,2,2,3,2,2,2,2,2,2,3,3,3,,3,2,2,3,3,3,4,3,2,2,3,3,3,3,4,2,2,3,4,3,3,3,2,2,3,3,4,4,4,2,2,3,3,3,3,3,3,3,3,3,3,3,3,2,2,3,3,3,4,3,3,2,3,3,3,3,3,2,2,4,3,3,3,3,2,2,3,4,3,3,2,2,2,3,3,3,3,3,2,1.966666,2.033333
10:00,,3,3,2,3,3,,4,3,2,2,3,3,3,4,3,2,2,3,3,3,2,3,5,2,2,3,3,3,3,3,3,3,3,3,3,3,2,2,3,3,3,4,,2,2,3,2,2,3,3,2,3,3,3,3,2,3,2,2,3,3,2,3,2,2,2,3,3,2,2,3,2,2,2,2,2,3,3,2,2,3,2,3,3,3,2,2,2,2,2,3,3,2,2,3,3,2,2,3,2,2,3,2,3,3,2,2,2,3,3,3,3,3,2,2,3,2,2,2,2,2,2,3,3,3,3,3,2,2,3,3,3,3,3,2,2,3,3,3,3,3,2,2,3,3,3,3,3,2,2,3,3,3,3,3,2,2,3,3,3,3,2,2,2,3,3,3,2,2,2,2,3,3,3,3,3,2,2,3,2,2,2,3,2,3,2,3,3,3,3,2,2,3,3,2,3,3,2,2,3,3,3,3,3,2,2,3,3,3,3,2,2,3,3,3,3,3,3,2,,3,2,3,3,3,2,2,3,3,3,3,3,2,2,2,3,2,3,2,2,2,2,3,2,2,2,2,2,2,3,3,3,3,2,2,4,3,3,3,2,2,,3,3,3,3,3,2,2,3,3,3,3,4,3,2,2,3,3,2,3,2,2,3,3,3,3,2,2,2,3,3,3,3,2,2,2,3,3,2,3,3,2,2,3,4,4,3,2,2,2,4,3,3,3,3,2,2,3,3,3,3,3,2,2,3,3,3,3,3,2,2,3,3,3,3,3,2,2,2,3,4,3,3,2,2,3,3,3,3,3,2,2,3,3,3,3,3,2,2,3,3,2,3,2,2,3,3,3,3,2,3,2,2,3,3,3,2,3,2,2,2,3,4,3,3,2,2,3,3,3,3,2,2,2,2,3,3,2,2,2,2,3,3,3,3,2,2,2,3,3,3,3,3,2,3,3,3,4,3,3,2,2,3,3,3,3,3,2,2,2,3,4,2,,3,2,3,3,3,3,3,2,2,3,3,,2,3,2,3,2,3,3,4,3,2,2,3,3,3,3,3,2,2,3,2,2,2,2,2,2,3,3,3,,3,2,2,3,3,3,3,3,2,2,4,3,3,3,3,3,2,3,3,3,3,3,2,2,2,3,3,3,3,2,2,3,3,3,3,3,2,2,3,3,3,3,3,4,2,3,3,3,3,3,3,2,3,3,4,3,3,2,2,4,3,3,3,3,2,2,3,3,4,3,3,2,2,3,3,3,3,3,2,1.966666,2.033333
10:15,,3,3,2,3,3,,4,3,2,2,3,3,3,3,3,2,2,2,3,3,3,3,2,3,3,3,3,3,3,3,3,3,3,3,3,3,3,2,3,2,3,6,3,2,2,4,3,2,3,2,2,2,2,3,2,3,3,2,2,3,3,2,3,2,2,2,3,3,,2,3,3,2,2,2,3,2,2,2,2,3,2,3,3,2,2,2,3,2,3,3,3,2,2,2,3,2,2,2,2,2,3,2,3,2,3,2,2,2,2,2,3,2,2,2,3,3,3,3,2,2,2,3,4,3,2,3,2,3,3,3,3,3,3,2,2,3,3,3,3,3,2,2,3,3,3,2,3,2,2,3,2,3,3,3,2,2,3,4,2,3,2,2,2,2,2,3,2,2,3,3,3,3,3,3,3,2,2,3,2,2,3,3,2,2,3,2,3,3,2,2,2,3,2,2,3,3,2,2,3,3,3,3,3,2,2,3,3,3,3,2,2,3,3,3,3,3,3,2,2,3,3,3,2,2,2,2,2,3,3,3,3,2,2,2,3,2,3,2,2,2,2,3,3,2,2,3,2,3,3,3,3,3,2,2,4,3,2,3,3,2,,3,2,3,3,3,2,2,3,3,2,3,3,2,2,2,3,3,2,3,3,2,3,3,3,2,3,2,2,3,3,3,3,2,2,2,3,3,3,3,3,2,2,3,3,2,3,4,2,2,3,4,3,3,3,2,2,3,3,3,3,3,2,2,3,3,3,3,3,2,2,2,2,2,3,3,2,2,3,3,3,3,3,2,2,3,3,3,2,3,2,2,4,3,2,3,3,2,2,3,3,3,3,3,2,2,3,3,3,2,3,2,3,3,3,3,3,3,2,2,2,3,3,3,3,2,2,3,3,3,3,2,2,2,3,3,3,3,3,2,2,3,3,3,3,3,2,2,3,3,2,3,3,2,2,3,3,3,3,3,2,2,3,3,3,3,3,2,2,3,2,3,3,,3,2,3,4,2,3,3,2,2,2,2,3,2,3,2,3,3,3,2,3,2,2,2,3,3,3,3,3,2,2,3,3,3,2,3,2,2,3,3,2,,3,3,2,3,3,4,3,3,2,2,3,3,3,3,2,3,2,3,2,3,3,4,2,2,3,3,3,3,3,2,2,3,3,4,3,3,2,2,3,3,3,4,3,3,2,3,3,3,3,3,2,2,2,3,3,2,4,2,2,2,3,4,3,,3,2,3,3,3,3,3,2,2,3,3,3,4,3,2,1.983333,2.433333
10:30,,2,3,2,3,3,,3,3,2,2,3,3,3,4,3,3,2,2,3,3,3,3,3,2,3,3,3,3,3,3,3,3,4,3,3,4,3,2,3,3,3,4,,2,2,3,2,3,2,3,2,2,2,3,2,2,3,2,2,3,3,2,,2,2,2,2,3,3,2,,2,2,3,3,3,2,2,2,2,3,2,3,2,3,2,2,3,3,3,2,3,2,2,3,2,3,2,2,2,2,3,2,3,2,3,2,2,2,2,3,3,3,2,2,2,3,3,3,2,2,2,2,3,3,2,3,2,2,3,2,3,3,2,2,2,3,3,3,3,2,2,2,3,3,3,3,3,2,2,3,3,2,3,3,2,2,3,3,3,3,3,2,2,2,3,3,3,2,2,2,3,3,3,3,2,2,2,3,2,3,3,3,2,2,3,3,3,3,3,2,2,3,4,3,3,3,2,2,3,3,2,3,3,2,2,3,3,3,3,3,2,2,4,3,3,3,3,2,2,3,3,3,2,2,2,2,3,3,3,3,3,2,2,2,2,2,2,2,2,2,2,3,3,2,2,3,2,3,3,3,4,3,2,2,3,3,2,3,2,2,,3,2,3,2,3,2,2,4,2,3,3,3,2,2,3,3,3,3,3,2,2,3,3,3,3,3,2,2,3,3,3,3,3,2,2,3,3,3,3,2,2,2,3,3,4,3,4,2,2,3,4,3,3,3,2,2,3,3,3,3,3,2,2,3,3,3,3,3,2,2,2,3,3,3,3,2,2,3,3,3,3,3,2,2,3,3,3,3,3,2,2,3,3,2,3,3,2,2,3,3,2,3,3,2,2,3,3,3,2,2,2,3,3,3,3,3,3,2,2,2,3,3,3,3,2,2,3,3,3,3,2,2,2,3,3,4,3,,2,2,2,3,3,2,3,2,2,3,3,2,,3,2,2,3,3,3,3,3,2,2,3,3,3,2,3,2,2,3,2,3,3,3,3,2,3,3,3,3,3,2,2,3,2,3,2,3,2,2,3,2,3,3,2,3,2,3,3,3,3,4,2,2,3,3,3,2,3,2,3,3,3,2,,2,3,2,3,3,3,3,3,2,2,2,3,2,2,3,2,2,3,3,3,3,3,2,2,3,3,3,3,3,2,2,3,3,3,3,3,2,2,3,3,3,3,3,2,2,3,3,3,5,3,2,2,3,3,3,2,3,2,2,3,3,4,3,,3,2,3,3,3,3,3,2,2,3,3,3,4,3,2,1.966666,3.216666
10:45,,3,2,2,3,3,,3,3,2,2,3,3,3,4,3,5,3,3,3,3,4,3,4,2,2,3,3,3,3,3,2,3,4,3,3,4,2,3,3,3,3,4,3,2,2,3,3,2,2,3,2,2,2,2,3,2,3,2,2,3,2,2,2,3,2,2,3,2,2,,3,2,2,2,3,2,2,2,2,2,2,2,2,3,3,3,2,2,3,2,2,2,2,2,3,2,3,2,2,2,2,3,2,2,2,2,2,2,3,2,2,3,3,2,2,3,3,3,3,4,2,2,3,3,3,3,3,2,2,3,3,3,3,3,2,2,3,3,2,2,3,2,2,2,3,3,3,3,2,2,3,3,2,3,3,2,2,3,3,3,3,3,2,2,2,3,3,3,3,2,2,3,3,3,2,4,2,2,2,3,2,3,3,2,2,3,3,3,3,2,2,2,3,3,3,4,3,2,2,3,3,3,3,2,2,2,3,3,3,3,3,2,2,3,3,3,3,3,2,2,3,3,3,3,3,2,2,3,3,3,3,3,2,2,2,2,3,3,2,2,2,3,3,3,2,2,2,,2,3,3,3,3,3,2,3,3,3,3,3,2,,4,3,3,2,3,2,2,3,3,3,3,3,2,2,3,4,3,3,2,3,2,3,3,3,3,3,2,2,3,3,3,3,3,2,2,3,3,3,3,2,2,2,4,3,3,3,4,2,2,3,4,4,3,3,2,2,3,3,3,3,3,2,2,3,3,3,3,2,2,2,2,3,3,2,3,2,2,3,3,3,3,3,2,2,3,3,3,3,3,2,2,3,3,3,3,3,2,2,3,3,3,3,3,2,2,3,3,3,2,3,2,2,3,3,3,3,3,2,2,2,3,3,3,3,1,2,3,3,3,3,3,2,2,3,3,3,3,3,2,2,3,3,3,3,3,2,2,3,3,2,3,2,2,2,3,3,3,3,3,2,2,3,3,3,3,3,2,2,3,3,3,3,,3,2,3,3,3,2,4,2,2,2,2,3,3,3,2,2,3,2,2,3,3,3,2,3,3,3,5,3,2,2,3,3,3,2,2,2,2,3,3,3,,3,2,2,3,3,3,3,3,2,2,3,3,2,3,3,2,2,3,3,4,2,3,2,2,2,3,3,3,3,2,2,3,3,3,2,3,2,2,3,3,3,4,2,2,2,3,3,3,4,3,2,2,3,3,3,3,3,2,2,3,3,3,3,3,2,2,3,3,3,3,3,2,2,3,3,3,3,3,2,1.933333,3.25
11:00,,3,2,2,3,4,,3,3,2,3,3,3,3,4,3,5,2,3,3,3,4,3,3,2,2,3,2,3,2,2,2,2,3,3,3,3,2,2,3,3,4,3,3,2,2,3,3,2,2,3,2,2,3,2,3,3,3,2,2,2,3,3,2,3,2,2,2,2,2,3,3,2,2,2,2,2,2,2,2,2,3,2,2,2,2,3,2,2,2,3,2,2,2,2,2,3,3,2,2,2,2,3,2,2,2,2,2,2,3,3,3,3,3,2,2,3,3,2,3,4,2,2,2,3,3,3,3,2,2,3,3,3,3,3,2,2,2,3,3,3,2,2,2,3,3,3,2,3,2,2,3,3,2,3,3,2,2,3,3,3,3,3,2,2,2,3,2,2,3,2,3,3,3,3,3,3,2,2,2,3,2,3,2,2,2,3,3,3,3,2,2,2,2,3,3,3,3,2,2,3,3,3,3,3,2,2,3,3,3,3,3,2,2,3,3,3,3,3,2,2,3,3,3,4,3,2,2,3,4,4,3,3,2,2,2,2,2,4,3,2,2,2,3,3,3,3,2,2,,3,3,4,3,3,2,3,3,3,2,3,2,,3,3,3,2,2,2,2,2,3,3,3,3,2,2,2,3,3,,2,3,2,3,3,3,2,3,3,2,3,3,3,3,3,2,2,2,3,4,3,3,2,2,4,3,,3,3,2,2,3,3,3,3,4,2,2,3,3,2,3,2,2,2,3,3,3,3,3,2,2,2,3,3,3,2,2,2,2,2,3,3,3,2,2,3,3,3,3,3,2,2,3,3,2,3,2,2,2,3,3,3,3,3,2,2,3,3,3,2,3,2,2,3,3,3,2,3,2,2,2,3,3,3,3,2,2,3,3,3,2,3,2,2,3,3,3,3,3,2,2,3,3,3,3,3,2,2,3,2,,3,2,2,2,3,3,3,2,2,2,2,3,2,3,2,3,3,2,3,3,3,3,3,2,2,3,3,3,2,3,2,2,3,2,3,3,3,2,2,2,3,3,2,2,2,2,3,4,3,5,2,2,2,3,3,3,2,2,2,2,3,3,2,,3,2,2,3,3,3,3,3,2,2,3,3,3,3,3,2,2,3,3,3,3,3,2,2,3,3,3,4,3,2,2,3,3,3,3,3,2,2,3,2,3,3,3,3,2,3,3,3,4,4,3,2,3,3,3,3,4,2,2,3,3,3,3,3,2,2,3,3,3,3,3,2,2,3,3,3,3,3,2,2.65,1.966666
11:15,,3,2,3,3,3,,3,3,2,2,3,3,3,3,3,2,4,2,3,3,3,3,3,2,2,3,3,3,3,2,2,3,3,3,3,3,2,2,3,3,3,3,3,2,2,2,2,3,2,3,2,2,3,2,2,3,2,2,2,2,2,3,3,3,,2,2,3,3,3,3,2,2,2,2,2,2,2,2,2,3,2,2,2,2,2,2,2,3,3,3,2,2,2,3,3,3,3,2,2,2,3,2,2,3,2,2,2,3,3,3,2,3,2,2,3,3,3,3,3,2,2,2,3,3,3,3,2,2,3,3,3,3,2,3,2,3,2,2,3,3,2,2,3,3,3,3,2,2,2,3,3,3,3,3,2,2,3,3,3,3,3,2,2,3,2,2,2,3,2,2,3,3,3,3,3,2,2,2,3,2,3,2,2,2,2,3,3,3,2,2,2,2,3,3,2,3,2,2,3,3,3,3,3,2,2,4,3,3,3,3,2,2,3,4,3,2,3,2,2,3,3,3,4,3,2,2,4,4,4,3,4,2,2,2,2,2,5,,2,2,2,2,3,3,3,2,2,3,3,4,3,3,2,2,3,3,3,3,3,3,,3,3,4,2,2,2,2,2,3,3,3,3,2,2,3,3,3,3,3,2,2,3,4,3,3,3,2,2,3,3,3,3,3,2,2,3,3,3,3,3,2,2,4,3,3,3,3,2,2,3,4,3,3,3,2,2,3,3,3,3,3,2,2,3,3,3,3,3,2,2,2,3,3,3,2,2,2,2,3,3,3,2,2,2,4,3,3,3,3,2,2,3,3,3,2,2,2,2,3,3,2,3,3,2,2,2,3,3,2,3,2,2,3,3,3,3,3,2,3,2,3,3,3,3,2,2,3,3,3,2,3,2,2,3,4,3,3,3,3,2,2,3,3,2,3,3,2,2,2,3,3,2,4,2,3,3,3,2,2,2,2,3,3,3,2,3,2,3,3,3,3,3,3,2,2,3,3,2,2,3,2,2,3,2,3,3,2,2,2,2,2,2,3,2,2,2,3,4,3,3,3,2,4,3,4,2,2,2,2,2,3,3,3,,3,3,2,3,3,2,3,3,2,2,3,3,2,3,3,3,2,3,3,3,3,3,3,2,3,3,4,3,3,3,2,3,4,3,3,3,2,2,3,3,3,3,3,3,2,3,3,3,4,4,2,2,3,3,2,3,3,2,2,3,4,5,3,3,2,2,3,3,4,3,3,2,2,3,3,3,3,2.716666,2,2.616666,1.933333
11:30,,3,2,3,3,3,,3,3,3,2,3,3,3,2,3,3,3,3,3,3,3,3,3,2,2,3,3,3,3,2,2,3,3,3,3,3,3,2,3,3,3,3,3,2,2,3,3,3,2,2,2,2,2,2,2,2,2,2,2,3,3,2,3,2,2,2,,3,3,2,3,2,2,2,2,2,2,2,2,2,3,2,2,2,2,2,2,2,3,3,2,2,2,2,2,2,3,3,3,2,2,3,2,2,3,3,2,2,2,2,2,3,3,2,2,3,2,4,3,3,2,2,2,2,3,3,3,2,2,3,3,3,3,3,3,2,3,2,3,3,3,2,2,3,3,3,3,2,2,2,3,3,3,3,3,2,2,3,3,3,3,3,2,2,3,2,3,3,2,2,2,3,3,5,3,3,2,2,2,2,2,3,3,2,2,2,3,3,3,3,2,2,2,3,2,2,3,2,2,2,3,3,3,3,2,2,3,3,3,2,2,2,2,2,3,3,3,3,2,2,3,3,3,3,3,2,2,3,3,3,3,3,2,2,2,3,3,5,3,2,2,2,2,3,3,2,2,2,3,3,3,3,3,2,2,3,4,3,3,3,3,,3,3,4,3,2,3,2,3,3,3,3,3,2,2,3,3,3,3,3,2,2,3,5,3,2,3,2,2,3,3,2,3,3,2,2,3,4,3,3,3,2,2,3,3,6,3,3,2,2,3,4,3,4,3,2,2,2,3,3,3,3,2,2,4,3,3,3,3,2,2,2,3,3,3,3,2,2,3,3,3,2,3,2,2,3,3,3,3,3,2,2,3,3,3,3,2,2,2,3,3,3,2,3,2,2,2,3,3,2,2,2,2,2,3,3,3,3,2,2,2,3,3,3,3,2,2,3,3,2,2,3,2,2,2,3,3,2,2,3,2,2,2,3,2,3,2,2,3,2,2,2,2,3,2,3,3,3,2,,2,2,3,3,3,3,2,2,3,2,3,3,3,3,2,2,3,3,2,2,3,2,2,2,3,3,2,3,2,2,3,2,3,2,2,2,2,3,3,3,4,2,2,2,3,3,2,3,2,2,2,3,3,3,,3,2,2,3,3,3,3,4,3,2,3,3,3,3,3,3,2,2,3,3,2,3,3,3,3,3,3,3,3,2,3,3,4,3,3,3,2,3,3,3,3,3,3,2,2,3,3,3,3,3,2,2,3,3,3,3,3,2,2,4,3,4,3,3,2,2,3,3,3,3,2,2,2,3,3,3,3,2.583333,2,1.983333,2.133333
11:45,,3,3,3,3,5,,3,3,3,2,3,3,3,2,2,3,2,3,3,3,3,3,4,2,2,2,3,3,3,2,2,3,3,3,3,2,3,2,3,2,3,3,3,2,2,3,3,3,2,2,2,2,2,3,2,2,2,2,2,3,3,3,2,3,2,2,2,3,2,2,2,2,2,2,3,2,2,2,2,2,2,2,2,2,2,2,2,2,2,2,3,3,2,2,2,2,2,2,3,2,2,3,2,2,2,2,2,2,2,2,2,2,3,2,2,3,2,4,3,3,2,2,2,2,3,3,2,2,2,2,3,2,3,3,2,2,3,3,3,2,3,3,2,3,3,3,3,3,2,3,3,3,3,3,3,2,2,3,2,3,5,2,2,2,3,3,3,3,2,2,2,3,2,6,3,3,3,2,3,3,2,3,3,2,2,2,3,3,3,3,2,2,2,3,2,2,3,2,2,2,3,3,2,2,2,2,2,3,3,3,3,2,2,3,3,3,4,3,2,2,3,3,3,3,3,2,2,3,3,3,3,3,2,2,2,3,3,3,3,2,2,2,3,3,3,3,2,2,3,3,3,3,3,2,2,3,3,4,3,,,,3,4,3,3,3,3,2,3,3,3,3,2,1,2,3,3,3,3,3,3,2,3,3,3,3,4,2,2,3,3,3,3,3,2,2,3,4,3,3,3,2,2,3,4,4,3,3,2,2,3,4,4,3,3,2,2,3,3,3,2,3,2,3,3,3,3,3,3,2,3,2,2,4,3,3,2,2,3,3,3,3,3,2,2,3,3,3,3,3,2,2,3,3,3,3,3,3,2,3,3,3,3,3,2,2,3,3,3,2,3,2,2,3,3,3,3,2,2,2,2,3,3,3,3,2,2,3,3,3,3,3,2,2,3,2,3,2,3,2,2,2,2,3,3,2,2,2,3,3,2,2,3,2,2,2,3,2,2,3,2,2,3,3,2,3,2,2,2,2,2,3,3,3,2,2,2,3,3,2,3,2,3,2,3,3,3,3,2,2,2,3,2,2,5,3,2,3,3,3,3,3,2,2,3,3,3,3,2,2,2,3,2,3,,3,2,2,3,3,3,3,3,2,2,3,3,4,3,2,2,2,3,3,3,3,3,2,2,3,3,3,3,3,2,3,3,3,3,3,3,2,2,3,3,3,3,3,2,2,3,2,3,3,4,2,2,3,3,3,3,3,2,2,3,2,4,3,3,2,2,3,3,3,3,3,2,2,3,3,3,3,3.25,2,1.983333,2.4
12:00,,4,3,3,3,5,,3,3,3,2,3,3,3,4,2,2,2,3,3,3,3,3,4,2,2,3,3,3,3,2,2,3,3,3,3,2,3,2,3,3,2,3,3,2,2,2,2,3,2,2,2,2,3,3,2,2,2,2,2,3,3,,2,2,2,2,3,3,3,2,3,2,2,2,2,2,2,2,2,2,2,2,2,2,2,2,2,2,3,2,3,2,2,2,4,2,2,3,2,2,2,3,2,3,2,2,2,2,3,2,3,2,3,2,2,3,3,2,2,3,2,2,3,2,2,3,3,2,2,2,3,2,3,3,2,2,3,3,2,2,3,3,2,3,3,3,3,2,2,2,3,3,3,2,2,3,2,3,2,3,3,3,2,2,4,3,3,3,3,2,3,3,3,6,3,2,3,2,3,3,2,3,2,2,2,3,3,3,3,3,2,2,2,3,3,3,3,2,2,2,2,2,2,3,2,2,2,3,3,3,3,2,2,3,3,3,3,3,2,2,3,3,2,3,3,2,2,4,,3,3,3,2,2,2,3,3,2,4,2,2,2,3,3,3,3,2,2,2,3,3,3,3,2,2,3,3,3,3,3,2,,3,4,3,3,3,2,3,3,3,3,3,3,2,2,3,3,3,3,3,2,2,3,3,3,3,4,2,2,3,2,3,4,2,3,2,3,3,3,3,3,2,2,3,3,,2,3,2,2,3,4,4,3,3,2,2,4,3,3,2,3,2,3,3,3,3,2,3,2,3,3,3,2,2,3,2,2,2,3,3,2,3,2,2,,3,3,3,3,3,2,3,3,3,2,3,2,3,3,3,2,3,3,2,2,3,3,2,2,3,2,2,3,2,3,4,3,2,2,2,2,2,4,3,2,2,3,3,3,3,3,2,2,3,3,3,2,3,2,2,3,3,3,3,2,2,2,3,3,2,3,4,2,2,2,3,3,2,3,2,2,3,3,3,3,2,2,2,3,3,3,3,2,2,2,2,3,3,2,4,2,2,3,2,3,3,2,2,2,3,2,2,2,3,2,2,2,3,3,2,3,2,3,3,2,3,2,2,2,2,3,3,2,,3,2,2,3,3,3,2,3,2,2,3,3,4,2,3,2,2,3,2,3,3,3,2,2,3,3,4,4,3,2,2,3,3,4,3,2,2,2,3,3,3,3,3,2,2,3,4,3,3,3,2,2,3,3,4,3,3,2,2,3,3,,3,3,2,2,3,3,4,3,3,2,2,3,3,3,3,3.116666,2,2.016666,2.483333
12:15,,3,3,2,3,3,,3,3,3,2,3,3,3,4,2,2,3,3,3,3,2,3,2,2,2,2,3,2,2,3,2,3,3,3,3,3,2,2,3,3,3,3,,2,2,2,2,2,3,2,2,2,3,3,2,3,2,2,,3,2,3,2,3,2,2,3,2,3,2,3,2,2,2,2,2,3,2,2,2,2,2,3,2,2,2,2,3,3,2,2,2,2,2,3,2,2,2,2,2,2,3,2,3,2,2,2,2,2,2,2,3,3,2,2,2,3,2,2,2,2,2,2,3,3,3,3,2,2,3,3,2,3,3,2,2,3,2,2,2,2,2,2,3,3,3,3,2,2,2,2,3,3,3,3,3,2,3,2,3,3,2,2,2,4,2,2,3,3,2,3,3,4,5,3,2,2,2,3,2,2,3,2,2,2,3,3,3,3,3,2,2,2,3,3,3,2,2,2,3,3,3,2,3,2,2,3,3,3,2,3,2,2,2,3,2,2,3,2,2,3,3,3,3,4,2,2,4,3,,3,3,2,2,2,3,3,2,3,2,2,2,3,3,2,3,2,2,2,3,3,3,3,2,2,3,3,3,3,3,2,,3,4,2,3,3,2,2,3,3,2,2,3,2,3,3,3,3,3,3,2,2,,3,3,3,1,2,2,3,2,3,3,3,2,2,3,3,3,3,3,2,2,3,4,4,2,3,2,2,3,3,3,4,3,2,2,3,3,3,2,3,2,2,3,3,3,3,3,2,2,3,2,3,2,3,2,2,2,3,3,3,3,2,2,3,2,3,3,3,3,2,3,3,3,3,3,2,2,3,3,2,3,3,2,2,3,3,2,2,2,2,2,3,2,3,3,3,2,2,2,3,2,4,3,2,2,3,3,3,2,2,2,2,3,3,3,3,2,2,2,3,3,2,4,2,2,2,3,4,2,3,3,2,2,2,3,3,3,3,2,2,2,3,3,3,3,2,2,3,3,3,3,2,2,2,3,3,3,3,3,2,2,3,3,3,3,3,,2,5,2,2,2,2,2,2,3,3,3,3,3,2,3,3,3,3,2,2,2,2,3,3,2,,3,2,2,4,3,3,3,3,3,2,3,4,3,3,3,2,2,3,3,3,4,3,2,2,4,3,3,3,3,2,2,3,3,4,3,2,3,2,3,2,3,3,3,2,2,3,3,4,4,3,2,2,3,3,3,3,3,2,2,3,3,4,4,3,2,2,3,3,4,3,3,3,2,3,3,3,3,3.016666,2,1.95,2.366666
12:30,,3,2,3,3,3,,3,3,2,2,3,3,3,2,3,2,3,3,3,3,3,3,3,2,2,2,3,2,2,2,2,3,3,3,3,2,2,2,3,3,3,3,3,2,2,2,3,3,2,2,2,2,2,2,3,3,2,2,2,2,2,3,3,5,2,2,2,2,2,2,3,2,2,2,2,3,2,2,2,2,2,2,2,2,2,2,2,2,2,2,2,2,2,2,2,2,2,2,2,2,2,3,2,3,2,2,2,2,3,2,2,3,3,2,2,3,2,3,2,2,2,2,2,3,3,2,3,2,2,3,3,2,3,3,2,2,2,3,2,3,3,2,2,3,2,3,2,2,2,2,2,2,3,3,3,2,2,3,3,3,2,3,2,2,3,2,2,3,3,2,2,3,3,4,3,2,2,2,2,2,2,3,2,2,2,2,3,3,3,3,2,2,2,2,2,2,3,2,2,3,3,3,2,3,2,2,2,3,3,3,3,2,2,2,4,3,3,3,2,2,3,4,3,3,3,2,2,3,3,3,3,3,2,2,,2,2,2,3,2,2,2,3,3,2,3,2,2,2,3,3,3,3,2,2,3,3,3,3,3,2,,3,3,2,3,3,3,2,3,3,2,4,3,2,2,3,3,3,3,3,2,2,,3,3,3,3,2,3,3,3,3,3,3,2,2,3,2,3,3,3,2,2,4,3,4,3,3,2,2,4,2,3,3,3,3,2,3,3,3,2,2,2,2,3,3,3,3,3,3,2,2,3,3,3,3,2,2,2,4,3,3,2,2,2,2,3,3,3,3,2,2,3,2,3,3,3,2,2,3,2,2,3,3,2,2,2,2,2,2,3,2,2,3,2,4,2,3,2,2,2,3,2,3,2,2,2,3,2,3,2,2,2,3,3,3,2,3,2,2,2,3,2,2,3,2,2,2,3,3,2,3,3,3,2,3,3,3,2,3,2,2,2,3,2,3,3,2,3,3,3,3,2,3,2,2,3,2,3,3,2,2,3,2,4,2,3,3,2,2,3,3,3,2,2,2,2,3,3,3,3,3,2,2,3,3,3,2,2,2,2,2,2,3,,3,2,2,3,3,3,3,3,2,2,3,4,2,3,2,2,2,3,2,3,4,3,2,2,3,3,3,3,3,2,2,3,3,3,3,3,3,2,3,3,3,3,3,2,2,3,3,3,4,3,2,2,2,3,4,3,3,2,2,3,3,4,3,3,2,2,3,3,3,3,3,3,2,4,3,3,3,3.166666,2,1.966666,2.383333
12:45,,3,2,3,3,3,,3,3,2,3,2,3,2,3,2,2,3,3,3,3,3,3,3,2,2,3,2,3,2,2,3,3,3,2,,3,2,2,3,2,3,3,,2,2,2,2,3,2,2,2,2,2,2,3,3,2,2,2,2,3,2,3,6,,2,2,2,3,2,2,2,2,2,2,3,2,2,2,2,2,2,2,2,2,2,2,2,2,2,2,3,2,2,2,2,2,3,3,2,2,2,2,3,2,2,2,2,3,3,2,3,3,2,2,2,2,3,2,3,2,2,3,2,3,2,2,2,2,3,3,3,3,2,2,2,3,4,2,3,2,2,2,3,3,3,2,2,2,2,2,2,3,3,3,2,2,2,3,2,3,3,2,2,3,2,2,3,2,2,2,3,3,3,3,2,2,2,3,2,2,3,2,2,2,2,3,3,3,3,2,2,2,3,2,2,3,2,2,3,3,3,3,3,2,2,2,3,3,3,3,2,2,3,4,3,3,3,2,2,3,4,3,3,3,2,2,3,3,4,4,3,2,2,2,3,3,3,3,2,2,2,3,3,2,3,2,2,2,3,2,3,3,2,2,3,3,3,3,3,,,3,3,4,3,3,3,2,3,3,2,4,3,2,3,3,3,3,3,3,2,2,3,3,3,3,3,2,3,3,3,3,2,3,2,3,3,3,3,3,3,2,2,3,3,7,3,3,2,2,4,3,3,2,3,2,2,3,3,3,3,3,2,2,3,3,3,3,4,2,2,2,2,2,2,3,2,2,3,3,3,3,3,2,2,3,3,3,3,3,2,2,2,2,3,3,2,2,2,3,3,2,2,3,2,2,3,3,4,2,2,2,2,2,2,3,2,3,2,2,2,2,3,2,3,2,2,3,2,3,2,4,2,3,2,3,2,3,3,2,2,2,3,3,3,2,2,2,3,2,2,3,3,2,2,3,2,3,2,2,2,2,3,3,2,2,2,2,3,3,3,3,3,2,2,2,2,2,3,2,3,2,2,2,2,3,2,2,3,2,2,3,3,3,2,2,2,3,3,3,3,2,2,2,3,2,3,3,2,2,2,2,3,3,,2,3,2,3,4,2,3,3,3,2,3,3,3,2,3,2,2,3,3,2,3,3,2,2,3,3,3,3,3,2,2,3,3,2,3,3,2,2,3,3,2,2,3,2,2,2,3,3,3,3,2,2,2,4,3,3,3,2,3,3,3,3,3,3,3,2,3,3,3,3,2,2,2,3,3,3,3,3.483333,2,2.016666,2.333333
13:00,,2,2,3,2,3,,3,2,3,2,2,3,3,2,2,2,3,3,3,3,3,3,2,2,2,3,2,2,3,3,3,3,3,2,5,2,2,2,3,3,3,3,3,2,2,2,2,2,2,2,2,2,2,2,2,2,2,2,2,2,2,2,3,5,2,,2,2,2,2,3,2,2,2,2,2,2,2,3,2,2,2,2,3,2,2,2,2,2,2,2,3,2,2,2,3,2,3,2,2,2,2,2,2,2,3,2,2,2,3,2,3,2,2,2,2,2,2,2,2,2,2,3,3,2,3,2,2,2,2,3,2,2,2,2,2,3,3,2,2,3,2,2,2,3,2,2,2,2,2,3,2,2,3,2,2,2,3,3,3,3,3,2,2,3,2,2,2,2,2,2,3,3,3,3,2,2,2,2,2,2,3,2,2,2,3,3,3,3,3,2,2,3,3,2,3,2,2,2,3,3,2,3,2,3,2,3,2,3,3,3,2,2,4,3,3,2,3,2,2,3,3,3,3,3,2,2,3,3,3,3,2,2,3,2,3,3,2,,2,2,2,3,4,2,3,2,2,2,3,3,3,3,2,2,3,3,3,2,3,2,,,3,3,3,2,2,2,2,3,3,3,3,2,2,3,3,3,3,3,2,2,,3,2,3,3,2,2,2,3,3,2,3,2,2,3,3,3,3,3,2,2,3,3,4,3,3,3,2,4,3,3,2,3,2,2,2,2,3,3,4,2,2,3,3,3,3,4,2,2,2,2,3,2,3,2,2,3,2,3,2,3,2,2,3,3,3,2,3,2,2,4,2,3,3,2,2,2,2,3,2,2,2,2,3,4,3,3,3,2,2,2,2,2,3,3,3,2,2,2,2,3,2,3,2,3,2,3,3,3,3,2,2,2,2,2,2,3,2,2,2,3,4,3,2,2,2,2,3,2,3,3,2,2,2,2,3,3,2,2,2,2,3,3,2,2,2,2,3,2,2,3,3,2,2,3,2,,3,2,2,2,2,2,3,3,2,3,3,2,2,2,2,2,2,2,3,2,3,3,2,2,2,3,3,2,3,2,2,3,3,3,2,,2,3,2,3,4,3,3,3,2,2,3,4,3,2,3,2,2,3,3,2,3,3,2,2,3,3,3,3,3,2,2,3,3,3,3,3,2,2,3,3,3,3,3,2,3,3,3,3,3,3,2,2,3,3,3,3,2,2,2,3,3,3,3,3,2,2,3,3,3,3,2,2,2,3,3,3,4,3.133333,2,1.983333,2
13:15,,3,2,2,2,3,,3,3,2,2,3,3,3,2,3,2,2,3,3,3,3,3,2,2,3,2,2,2,3,2,2,3,3,3,2,2,2,3,3,3,3,2,7,2,2,2,2,2,3,2,2,2,2,2,2,2,2,2,2,2,2,2,2,3,2,2,2,2,2,2,3,2,2,2,2,2,2,2,3,2,3,2,2,3,2,2,2,2,2,2,3,2,2,2,2,2,2,2,2,2,2,2,2,2,3,3,2,2,3,2,2,3,2,2,2,3,3,4,2,2,2,2,3,3,2,3,3,2,2,2,2,2,3,3,2,2,3,3,2,2,3,2,2,2,3,2,3,3,2,2,3,3,2,3,2,2,2,3,3,3,2,3,2,2,3,2,2,3,2,2,2,3,3,2,2,3,2,2,3,2,2,3,3,2,2,3,2,3,3,2,2,2,3,4,2,2,2,2,2,3,3,2,3,2,2,2,3,2,3,3,3,2,2,3,3,3,2,2,2,2,2,3,3,4,3,3,2,3,3,3,3,2,2,3,3,3,3,2,2,2,2,2,3,4,2,3,2,2,3,3,3,3,3,2,3,2,3,3,2,3,2,2,3,3,3,3,3,2,2,2,2,3,3,3,2,2,3,2,3,3,3,2,2,3,3,2,3,3,2,2,2,3,2,2,2,2,2,2,2,2,4,3,3,2,3,3,4,2,3,3,2,3,2,4,2,3,2,2,3,3,2,3,4,2,2,2,3,3,3,3,2,2,2,2,3,2,3,2,2,3,3,3,3,3,2,2,3,2,3,2,3,2,2,3,4,3,2,3,2,2,2,2,2,2,3,2,2,2,3,3,2,2,2,2,2,3,2,3,3,2,2,2,2,3,3,3,2,3,2,3,3,3,2,2,2,3,3,2,2,3,2,2,2,3,2,3,2,2,2,3,2,3,3,2,2,2,3,2,2,2,3,2,2,3,3,3,2,2,2,2,3,3,3,3,3,2,2,2,2,2,2,2,2,2,2,2,3,3,2,2,2,3,2,2,3,2,2,2,3,4,3,3,3,2,2,2,3,3,3,2,2,3,3,2,3,,3,2,2,3,3,3,3,3,3,2,3,3,4,2,2,2,2,3,3,3,3,3,2,2,2,3,3,3,3,2,2,3,3,3,3,3,2,2,3,3,3,3,4,2,2,4,3,3,3,3,2,2,3,3,2,3,3,2,2,3,3,3,3,3,2,3,4,3,3,3,2,2,2,3,3,3,3,3,2,2,2.083333
13:30,,3,3,2,2,3,,3,3,2,2,3,3,3,2,3,2,2,4,2,3,3,3,3,2,3,3,2,2,3,2,2,3,2,3,2,3,2,3,3,3,2,3,3,2,2,2,2,2,3,2,2,2,2,2,2,2,2,2,2,3,2,2,2,2,2,2,2,2,3,3,2,2,2,2,2,2,2,2,2,2,2,3,2,3,2,2,2,2,2,2,3,2,2,2,2,2,3,3,2,2,2,2,2,2,2,2,2,2,3,2,3,3,2,2,2,2,3,3,2,3,2,2,3,2,2,2,3,2,2,2,2,3,3,2,2,2,3,2,2,3,2,2,2,2,2,3,2,3,2,2,2,2,2,2,2,2,2,3,2,2,3,2,2,2,2,2,2,2,2,2,2,3,3,3,2,2,2,2,3,2,3,2,3,2,2,3,3,3,3,2,3,2,3,3,2,3,2,2,2,3,3,3,3,3,2,2,3,2,3,3,2,2,2,3,2,3,2,3,2,2,3,3,3,4,3,3,2,3,3,3,3,2,3,2,,4,3,2,2,2,2,2,2,3,3,3,2,2,2,2,3,3,3,2,2,3,3,2,3,2,2,,3,3,3,3,3,2,2,3,2,2,3,3,2,2,3,3,3,3,3,2,2,3,4,2,3,3,2,3,3,3,3,3,2,2,2,3,2,3,3,3,2,2,4,3,4,2,2,2,2,3,2,4,4,3,2,2,3,3,2,2,4,2,2,2,2,2,3,2,2,2,2,3,2,2,2,2,2,3,3,3,3,3,3,2,3,3,3,2,2,2,2,2,4,3,3,2,2,2,2,2,2,3,3,2,2,2,3,2,2,2,2,2,2,3,2,2,2,2,2,2,2,2,3,2,2,3,2,3,3,2,2,2,2,2,3,3,2,4,2,2,3,2,2,3,2,2,2,3,2,2,2,3,2,2,3,2,3,2,5,2,2,3,4,3,2,2,2,2,,3,2,3,2,2,2,2,2,3,2,2,2,2,2,3,2,3,2,3,2,3,2,3,3,2,4,2,3,3,3,3,3,2,3,3,3,2,2,2,2,3,2,3,3,,2,2,2,3,3,3,3,5,2,2,3,3,3,2,2,2,2,3,3,3,3,4,2,2,3,3,3,3,3,2,2,3,3,3,3,3,2,2,3,3,3,3,3,2,2,3,2,3,3,2,2,2,3,3,3,3,3,2,2,3,3,3,3,2,2,2,3,3,3,3,2,2,2,3,3,2,2,2.85,2,2.033333,2.05
13:45,,3,2,2,2,2,,4,3,2,3,3,3,3,2,2,2,3,3,2,2,3,3,2,2,2,3,2,3,3,2,2,3,2,2,3,3,2,2,3,2,3,3,2,2,2,2,2,2,2,2,2,2,2,2,2,2,2,2,2,2,3,2,2,3,2,2,2,2,2,3,3,2,2,4,2,2,2,2,2,2,3,3,2,3,3,2,2,2,2,2,2,2,2,2,2,3,3,2,2,2,2,2,2,2,2,2,2,2,3,3,3,2,3,2,2,3,3,2,2,3,2,2,2,2,2,2,2,2,2,2,3,2,2,2,2,2,3,3,3,3,2,2,2,3,2,3,2,3,2,2,3,2,2,2,2,2,2,2,2,2,3,2,2,2,2,2,3,2,2,2,2,3,2,3,2,2,2,2,2,2,2,2,2,2,2,3,3,3,2,3,2,2,3,3,3,3,3,2,2,2,3,3,3,2,2,2,3,3,3,3,2,2,2,3,3,3,3,3,2,2,,3,3,4,2,2,2,3,,3,3,2,3,2,2,3,2,2,3,2,2,2,2,2,3,3,2,2,2,3,3,3,3,2,2,3,4,3,3,3,2,,3,3,3,3,3,2,2,3,2,2,3,2,3,2,3,3,2,2,3,2,2,3,3,2,2,4,2,2,3,3,2,3,2,2,2,3,3,2,3,2,2,2,3,3,4,3,2,2,2,3,3,3,4,4,2,2,3,2,2,2,2,2,2,3,2,2,3,3,2,2,2,3,2,2,3,2,2,3,3,3,3,3,3,2,2,3,3,3,2,2,2,3,3,3,3,2,2,2,2,3,2,3,3,2,2,3,3,2,2,2,2,2,2,3,2,2,2,2,2,2,3,2,2,3,2,3,2,3,2,3,2,2,2,2,3,3,3,4,2,2,3,3,2,2,2,2,2,3,2,2,2,4,2,2,2,2,2,2,4,2,2,4,3,3,3,2,2,2,3,3,2,3,2,2,2,2,3,3,2,2,3,,3,3,2,3,3,3,2,3,2,3,3,2,3,2,3,3,3,3,3,2,3,2,3,2,2,2,3,2,2,3,2,,2,2,2,4,3,3,3,4,2,3,2,3,3,3,3,2,2,3,3,2,3,3,2,2,3,3,2,3,3,2,2,3,3,3,3,3,2,2,3,3,3,3,3,2,2,3,2,3,3,3,2,2,3,3,2,3,2,3,2,3,3,3,3,2,2,2,3,3,3,2,3,2,2,3,3,3,3,2.85,2,1.933333,2.55
14:00,2,2,2,3,3,2,,3,3,2,2,3,3,2,2,2,2,2,2,3,3,3,3,2,2,2,3,2,3,2,3,2,3,2,2,3,2,2,2,3,3,3,3,2,2,2,2,2,2,3,2,2,2,2,2,2,2,2,2,2,2,3,2,2,4,2,2,2,2,2,2,3,2,2,3,2,2,2,2,2,2,3,2,3,3,2,2,2,2,3,2,2,2,2,2,2,2,3,3,2,2,2,2,2,2,3,2,2,2,2,2,3,2,3,2,2,3,2,2,2,2,2,2,3,2,2,2,3,2,2,2,2,2,2,2,2,2,2,3,3,2,3,2,2,2,2,3,2,2,2,2,3,2,2,2,2,2,2,2,2,2,2,2,2,2,2,3,3,3,2,2,2,2,3,2,3,2,2,2,2,2,2,2,2,2,2,3,3,2,2,3,2,2,3,3,3,2,3,2,2,2,3,3,3,3,2,2,2,3,2,3,2,2,2,3,3,2,3,3,,2,3,4,2,4,2,2,2,4,3,3,3,3,2,2,2,2,2,2,3,2,2,2,2,2,3,3,2,2,4,3,3,3,3,2,2,3,3,3,3,3,2,,2,3,2,2,2,2,2,3,2,2,3,2,2,2,3,3,2,3,3,2,2,3,4,3,3,4,2,2,3,3,2,3,,2,2,3,3,2,3,3,2,2,3,4,4,3,4,3,2,3,3,2,4,2,2,2,3,2,2,2,3,2,2,3,3,3,3,3,2,2,2,3,2,2,3,2,2,2,3,3,2,2,2,2,2,3,3,2,3,2,2,3,2,3,2,2,2,2,2,3,2,2,3,3,2,3,4,2,2,2,3,2,3,2,2,2,2,3,2,2,3,2,2,3,2,2,2,2,2,3,2,3,2,3,3,3,3,3,2,2,3,3,3,3,3,2,2,2,2,2,3,3,2,2,2,3,3,2,3,2,2,3,2,4,3,2,4,2,3,,3,2,2,2,2,2,3,2,2,2,3,2,3,3,3,2,2,2,2,3,2,3,2,2,2,2,2,3,3,2,3,2,2,2,3,2,2,2,3,2,3,3,2,3,2,2,2,2,2,3,3,3,2,2,3,3,3,2,3,2,2,3,3,3,2,3,2,2,2,3,4,3,3,2,2,3,3,3,3,3,3,2,3,3,3,3,3,2,2,2,2,3,3,3,2,2,2,2,3,3,2,2,2,3,4,3,3,3,2,2,4,3,2,3,3,2,2,3,3,3,3,2.8,2,2.016666,2.4
14:15,,3,2,2,3,3,,3,3,2,2,3,3,2,2,2,2,2,2,3,3,3,2,2,2,2,3,3,3,2,2,2,3,2,3,2,2,3,2,3,3,3,2,5,2,2,2,2,2,3,2,2,2,2,3,2,2,2,2,2,2,3,3,2,5,2,2,2,2,2,3,2,2,2,2,2,2,2,2,2,2,3,3,2,3,2,2,3,2,3,3,2,2,2,2,2,2,3,5,2,2,2,2,2,2,2,2,2,2,2,2,2,2,3,2,2,2,2,2,2,2,2,2,3,2,3,2,3,2,2,2,2,2,2,2,2,2,3,2,2,3,3,2,2,2,2,2,2,2,2,2,2,2,2,2,2,2,2,2,3,2,2,2,2,2,3,3,2,3,2,2,2,2,3,2,3,2,2,2,2,2,2,2,2,2,2,2,2,4,2,2,2,2,3,3,3,2,2,2,2,2,2,3,3,3,2,2,2,3,2,3,3,2,2,3,2,3,3,,2,2,3,3,3,3,2,2,2,3,3,3,3,3,2,2,2,2,2,3,2,2,2,2,3,2,2,3,2,2,3,3,3,3,4,2,2,3,3,4,3,3,2,,3,3,3,2,2,2,2,3,2,3,3,3,2,2,3,4,2,3,3,2,2,3,4,3,3,3,2,2,3,2,2,3,,2,2,4,4,2,3,3,2,2,3,4,3,2,4,3,2,2,3,2,3,2,2,2,2,2,3,3,3,2,2,3,3,3,2,2,2,2,2,2,3,2,2,2,2,2,2,2,2,2,2,2,2,3,2,2,2,2,2,3,2,3,3,2,2,2,3,2,2,2,3,2,2,3,3,2,2,2,2,2,2,2,3,2,2,2,2,2,2,2,3,3,3,2,2,2,2,2,2,2,2,3,2,3,2,3,2,2,3,2,2,3,3,2,2,,2,2,2,3,2,2,3,3,3,2,2,2,2,3,3,,3,2,3,2,3,3,3,2,3,2,2,2,2,2,2,2,2,2,2,3,3,3,,,2,3,2,3,3,3,2,2,2,3,3,3,3,2,2,2,3,3,2,2,2,2,3,3,2,3,2,2,3,2,2,3,3,3,2,2,3,2,2,2,2,2,2,2,3,3,2,3,4,2,2,4,3,3,3,2,2,2,2,3,3,3,2,2,2,3,3,3,4,2,2,3,2,3,2,3,2,2,3,2,3,3,2,2,2,3,4,3,3,3,2,2,3,3,3,3,2,2,2,3,3,3,3,3.3,2,2.016666,2.083333
14:30,,3,2,2,3,3,,3,3,2,3,3,2,3,2,3,3,2,2,2,3,3,2,2,2,2,3,3,2,2,2,2,3,2,2,3,2,3,2,3,3,2,2,3,2,2,2,2,2,3,2,2,2,2,3,2,2,2,2,2,3,3,2,2,2,2,2,2,3,2,,2,2,2,2,2,2,3,2,2,2,4,3,2,2,2,2,2,3,2,2,2,3,2,2,2,2,2,4,2,2,2,2,2,2,2,2,2,2,3,2,2,2,2,2,2,2,2,3,4,2,2,2,2,2,2,2,2,2,2,3,2,3,2,3,2,2,2,2,2,3,2,2,2,2,2,2,2,2,2,2,2,2,2,2,3,2,2,2,3,2,2,2,2,2,3,3,2,3,2,2,2,2,3,2,2,2,3,2,2,3,2,2,3,2,2,2,2,3,2,2,2,2,2,2,2,2,2,2,2,3,2,3,3,2,2,2,2,2,3,3,2,2,2,3,3,3,3,3,2,2,3,2,3,3,2,2,2,3,2,3,2,2,2,2,2,3,2,2,2,2,2,2,3,3,2,3,2,2,3,2,3,4,3,2,2,3,3,3,3,3,2,,2,2,2,4,3,2,2,3,2,4,3,2,2,2,3,3,2,2,2,2,2,2,3,2,3,2,2,2,2,2,2,3,2,2,2,3,3,3,3,,2,2,3,4,4,2,3,2,2,2,2,4,2,3,2,2,2,2,3,3,2,2,2,3,2,3,3,2,2,2,2,2,3,2,3,2,2,3,3,2,3,3,2,2,2,3,3,2,2,2,2,3,3,2,3,3,2,2,3,3,2,2,3,2,2,3,2,2,2,2,2,2,2,2,3,3,2,2,2,2,3,2,2,3,2,2,2,2,2,3,2,2,2,2,2,3,2,3,2,2,3,3,2,3,2,2,2,,3,3,2,2,2,2,2,3,3,2,2,2,2,3,3,2,3,2,2,2,3,2,2,2,3,2,2,2,2,2,2,2,2,2,3,2,2,2,2,2,,2,2,3,2,2,2,2,3,2,3,4,2,2,2,2,3,3,2,2,2,2,3,3,2,2,2,2,3,3,2,3,2,3,2,2,3,3,2,4,3,2,2,2,2,3,2,2,3,2,2,3,2,3,2,2,2,2,3,3,2,3,2,2,3,3,3,3,4,2,2,3,5,3,3,3,2,2,3,3,3,3,3,2,2,3,3,3,3,3,2,2,3,3,3,3,3,2,2,3,3,3,3,2.666666,2,1.983333,1.966666
14:45,,2,3,2,3,3,,3,3,2,3,2,3,3,3,2,3,2,2,2,2,3,3,3,2,2,3,3,3,3,2,2,3,2,2,3,3,3,2,3,3,2,3,3,2,2,3,2,2,3,2,2,2,2,2,2,2,2,2,2,2,3,2,2,2,2,,2,2,,2,2,2,2,2,2,2,3,2,2,2,3,2,2,2,2,2,2,3,2,2,2,3,2,2,2,2,2,3,2,2,2,2,2,3,2,2,2,3,3,2,3,2,2,2,2,2,2,2,3,2,2,2,2,2,2,2,2,2,2,2,2,3,2,2,2,2,2,2,2,2,2,2,2,2,2,2,2,2,2,2,2,2,2,2,3,2,2,2,2,2,2,2,2,2,2,3,2,2,2,2,2,2,3,3,2,2,2,2,2,2,2,2,3,2,2,3,2,3,2,2,2,2,2,2,3,2,2,2,2,3,2,3,2,2,2,2,2,2,2,3,2,2,2,2,3,2,2,3,2,2,3,3,3,3,2,2,2,2,3,4,2,2,2,2,2,2,2,3,2,2,2,2,2,2,2,2,2,2,3,3,3,3,2,2,2,3,2,3,3,2,2,,2,2,2,3,3,2,2,3,3,3,2,2,2,2,3,3,2,2,2,2,2,2,3,2,2,2,2,2,2,3,3,2,2,2,2,2,3,2,3,4,2,2,4,3,3,2,3,2,2,3,3,3,4,3,2,3,2,2,3,2,2,2,2,3,3,2,2,2,2,2,2,3,2,3,3,2,2,3,3,2,3,2,2,2,3,3,3,2,2,2,2,3,3,3,3,3,2,2,3,3,2,2,3,2,2,3,2,3,2,2,2,2,3,2,2,5,2,2,2,2,3,2,2,3,2,2,2,2,2,2,2,2,2,2,3,,2,2,2,2,3,3,2,3,2,2,2,3,3,4,3,3,2,2,3,3,3,2,2,3,2,3,3,3,2,2,2,2,3,3,2,2,3,2,2,2,2,2,2,2,2,2,3,2,2,2,2,2,2,2,2,2,2,2,2,2,2,3,3,5,2,2,2,2,3,3,2,2,3,2,3,2,2,2,2,2,2,3,3,2,2,3,2,2,2,2,2,3,3,2,2,2,3,3,2,3,2,2,3,3,3,3,2,2,2,2,3,3,3,4,2,2,3,3,3,3,3,2,3,3,5,3,3,3,2,2,3,3,3,3,2,2,2,3,3,2,3,3,2,3,4,4,3,3,2,2,2,3,2,3,3,3.433333,2,1.983333,1.966666
15:00,,2,3,3,3,3,,3,3,2,2,2,3,3,2,2,3,2,3,2,2,3,2,3,2,2,3,3,3,2,2,2,2,2,3,3,2,2,2,2,2,2,3,3,2,2,3,2,2,2,2,2,2,2,2,2,2,2,2,2,2,2,3,3,3,2,2,3,2,2,2,2,2,2,2,2,2,2,2,2,2,2,2,2,2,2,2,2,2,2,2,2,2,2,2,2,3,2,3,2,2,2,2,2,3,2,2,2,2,3,2,3,2,2,2,2,2,2,2,2,2,2,2,2,2,2,2,2,2,2,3,2,4,2,2,2,2,3,2,2,2,2,2,2,2,2,3,2,2,2,2,2,3,2,2,2,2,2,2,2,2,2,3,2,2,2,3,2,2,3,2,2,2,2,2,2,2,2,2,3,2,2,2,3,2,2,3,3,2,2,2,2,2,2,2,3,2,2,2,2,3,2,2,2,2,2,2,2,3,2,2,3,2,2,2,3,2,2,2,2,2,3,3,3,2,3,2,2,3,2,4,3,3,2,2,2,2,2,3,2,2,2,2,2,3,2,2,2,2,3,4,3,3,3,,3,3,2,3,2,3,2,,2,3,2,2,3,2,2,2,3,2,3,2,2,2,2,2,2,2,2,2,2,2,4,2,2,2,3,2,2,3,2,3,2,3,2,2,3,2,3,2,2,2,4,2,3,3,3,3,3,3,3,2,3,2,2,2,2,3,2,3,2,2,2,3,3,2,2,2,2,2,2,2,2,2,2,2,2,2,2,2,2,2,2,2,2,3,3,2,2,2,2,3,3,2,2,2,2,2,3,3,2,2,2,2,2,3,2,2,2,2,2,2,3,2,2,3,2,2,2,2,3,2,3,3,2,2,2,2,2,1,2,2,2,3,3,2,2,2,2,2,3,2,2,2,2,2,2,2,3,2,2,4,2,2,2,2,2,2,2,2,2,2,2,3,2,2,2,2,2,2,2,2,3,2,3,3,3,2,2,2,2,2,2,2,3,2,3,2,2,2,2,2,3,2,2,2,2,2,3,2,2,2,2,2,3,2,2,2,3,2,2,2,2,2,3,2,2,2,3,2,2,2,2,2,3,3,2,3,3,2,2,4,3,3,2,2,2,2,3,3,3,2,2,2,2,3,2,3,3,3,2,2,3,2,2,3,3,2,2,3,4,3,2,2,2,2,3,3,2,2,2,3,2,2,3,2,3,3,2,3,3,4,3,3,2,2,2,3,3,3,3,2.816666,2,2,2.9
15:15,,2,2,3,3,2,,2,2,2,2,2,3,5,2,3,2,3,3,3,3,3,2,3,2,2,3,3,3,2,2,2,2,2,2,2,2,2,2,3,2,3,3,2,2,2,2,2,2,3,2,2,2,2,2,2,2,3,2,2,2,2,3,3,3,2,2,3,2,2,2,2,2,2,2,2,2,2,2,2,3,2,2,2,2,2,2,2,2,2,2,2,2,2,2,2,2,2,3,2,2,2,2,2,2,2,2,2,2,3,2,2,4,3,2,2,2,2,2,2,2,2,2,2,2,2,2,2,2,2,3,2,3,2,2,2,2,2,2,2,2,3,2,2,2,2,2,2,2,2,2,2,2,2,2,2,2,2,2,2,3,2,2,2,2,2,2,2,2,2,2,2,2,2,2,2,2,2,2,2,3,2,2,3,2,2,3,2,2,2,2,2,2,2,2,3,3,2,2,2,3,3,2,2,2,2,2,3,2,2,3,3,2,2,3,3,2,2,2,2,2,2,2,3,2,3,2,2,3,2,2,2,3,2,2,2,2,2,3,2,2,2,2,2,2,2,2,2,2,3,3,3,2,3,2,2,3,3,2,3,2,2,3,,2,3,2,3,2,2,2,2,4,2,2,2,2,2,2,2,2,2,1,2,2,3,2,3,2,2,2,3,3,2,3,3,3,2,2,4,2,3,3,2,2,3,2,3,3,3,3,3,2,2,2,2,2,2,2,3,3,2,3,3,2,2,2,2,3,2,2,2,2,2,2,3,3,2,2,2,2,2,2,2,3,2,2,3,3,2,2,3,2,2,3,2,2,2,2,2,2,2,2,2,2,2,2,2,3,2,2,2,2,3,5,1,3,3,2,2,2,2,2,2,2,3,2,2,2,2,3,3,3,2,2,2,2,2,2,2,2,3,2,3,2,2,2,2,2,2,2,3,2,2,4,2,2,2,2,3,3,2,2,2,3,2,5,3,2,2,2,2,2,3,2,3,2,3,2,3,2,2,2,2,2,2,4,3,3,3,2,2,2,2,2,2,2,2,2,2,2,5,2,2,2,2,2,5,2,2,2,2,2,3,3,3,2,2,2,2,3,3,2,2,4,2,2,2,3,2,2,3,2,2,3,3,3,5,2,2,2,3,3,3,3,3,2,2,3,2,3,3,3,2,2,3,3,2,3,3,2,2,3,4,2,2,2,2,2,2,3,3,2,2,3,2,3,4,2,3,4,2,2,3,4,3,3,2,2,2,3,3,3,3,2.45,2,2.066666,2.75
15:30,,3,2,2,3,2,,2,2,3,2,2,3,3,2,2,3,3,3,3,2,3,2,2,2,3,3,3,2,2,3,2,2,3,2,3,3,2,2,2,2,2,2,2,2,2,2,2,2,4,2,2,2,2,2,2,2,3,2,2,2,2,3,2,3,,2,2,2,2,2,2,2,2,2,3,2,2,2,2,2,2,2,2,,2,2,2,2,2,2,2,2,2,2,2,2,2,2,2,2,2,2,2,2,2,2,2,2,4,2,2,3,3,2,2,2,2,2,2,2,2,2,2,2,1,2,2,2,2,3,2,3,2,2,2,2,2,2,2,2,3,2,2,2,2,2,2,2,2,2,2,2,2,2,2,2,2,2,2,3,2,3,2,2,2,2,2,2,2,2,2,2,3,2,2,2,2,2,2,3,2,3,2,2,2,2,3,3,2,2,2,2,2,2,3,3,2,2,2,2,3,3,2,2,2,2,3,2,2,2,2,2,2,2,2,2,2,2,2,2,3,3,3,2,3,2,2,3,3,2,2,2,2,2,2,2,2,3,2,2,2,2,2,2,2,3,2,2,3,2,3,2,2,2,2,3,3,2,3,,2,3,2,2,3,2,3,2,2,2,2,3,2,2,2,2,2,2,2,3,2,2,2,2,3,2,4,2,2,2,3,2,2,3,2,2,2,2,3,2,3,2,2,2,2,4,3,3,3,2,2,2,3,2,2,2,2,2,3,2,2,2,2,2,2,3,2,3,4,3,2,2,2,2,2,3,3,2,2,3,2,2,2,3,2,2,3,4,3,2,3,2,2,2,2,4,2,2,2,2,2,2,2,2,2,2,3,2,3,3,2,3,3,4,2,2,3,2,2,2,2,2,2,3,3,3,2,2,2,3,3,3,2,2,2,2,3,3,2,2,2,2,4,2,2,3,2,2,2,3,3,2,3,5,2,2,3,2,2,2,2,2,2,3,2,4,2,4,3,2,3,2,2,2,2,2,3,2,3,2,3,2,2,2,2,3,2,3,2,3,2,2,2,2,3,2,2,2,2,3,3,5,2,2,2,2,5,2,2,2,2,2,3,4,3,2,2,2,3,3,2,2,2,3,2,2,3,2,2,2,5,2,2,3,4,4,3,2,2,2,3,3,2,3,2,2,2,2,2,2,3,3,2,2,3,2,2,3,3,2,2,3,3,2,2,2,2,2,2,3,3,4,3,2,2,4,4,2,3,3,2,2,3,5,3,3,2,2,2,3,3,2,3,3.516666,2,2.016666,1.95
15:45,,3,2,2,2,2,,2,2,2,2,2,3,4,2,2,3,2,2,4,2,2,2,5,3,2,3,2,2,2,3,2,2,3,2,2,3,2,2,2,2,3,3,2,2,2,2,2,2,4,2,2,2,3,2,2,2,2,2,2,2,2,3,2,3,2,2,2,2,2,2,2,2,2,2,2,2,2,2,2,2,2,2,2,2,2,3,2,2,2,2,2,2,2,2,2,2,2,2,2,2,2,2,2,2,2,2,2,2,4,2,2,5,2,2,2,2,2,2,2,2,2,2,2,2,1,2,2,2,2,2,2,3,2,2,2,2,2,2,2,3,2,2,2,2,2,2,2,2,2,2,2,2,2,2,2,2,2,2,2,2,2,3,2,2,2,2,2,2,2,2,2,2,3,2,2,2,2,2,2,2,2,2,2,2,2,2,3,3,2,2,2,2,3,3,2,2,3,2,2,2,2,2,2,2,2,2,3,2,2,3,2,2,2,2,3,2,2,2,2,3,3,3,3,3,2,2,2,3,3,3,2,2,2,2,2,2,2,2,2,2,2,3,2,2,2,2,2,2,2,2,3,2,2,2,2,3,3,2,3,2,2,2,3,2,2,2,2,2,2,2,2,2,2,2,2,2,2,2,2,3,1,2,3,2,3,2,4,2,2,2,3,3,2,3,2,2,2,2,4,2,2,3,2,2,3,4,3,3,3,2,2,2,4,3,3,2,3,2,3,2,2,2,3,2,2,2,2,2,4,3,2,2,2,2,3,3,2,2,3,2,2,3,2,2,2,2,3,4,2,2,2,2,2,2,5,4,2,2,2,2,2,2,2,2,2,2,2,2,2,3,2,2,2,2,2,2,2,2,2,2,2,2,2,3,3,3,2,2,2,3,2,3,2,2,2,2,2,3,3,2,2,2,3,2,3,2,2,2,2,3,4,2,3,4,2,2,3,2,2,2,2,2,2,2,,4,2,4,2,2,2,2,2,2,2,2,2,2,3,2,2,2,2,2,2,2,2,2,2,3,2,2,2,2,3,2,2,2,2,2,3,3,2,2,2,2,3,2,3,3,2,2,3,3,2,2,2,2,3,2,3,2,2,2,2,2,3,2,2,6,4,2,2,3,2,3,2,3,2,2,2,3,2,3,2,2,2,2,2,3,2,3,2,2,3,4,3,3,3,2,2,3,3,2,3,3,2,2,3,4,2,2,3,2,2,7,4,2,3,2,2,2,3,4,3,3,2,2,2,3,3,2,3,3.066666,2,2.133333,3.05
16:00,,2,2,2,2,2,,2,3,2,2,2,2,5,2,2,2,2,2,3,2,2,2,3,2,2,2,3,2,2,2,2,2,2,2,3,3,2,2,2,3,2,3,2,2,2,2,2,2,3,2,2,2,2,2,2,2,2,2,2,2,2,3,2,2,2,2,2,2,2,2,2,2,2,2,2,2,2,2,2,2,2,2,2,2,2,2,2,2,2,3,2,2,2,2,2,2,2,3,2,2,2,2,2,2,2,2,2,2,4,2,2,3,2,2,2,2,2,2,2,2,2,2,2,2,2,2,2,2,2,2,2,2,2,2,2,3,2,2,2,3,2,2,2,2,2,2,2,2,2,2,2,2,2,2,2,2,2,2,2,3,3,2,2,2,2,2,2,2,2,2,2,2,2,2,2,2,2,2,2,2,2,2,2,2,2,2,2,2,3,2,2,2,3,2,2,3,2,2,2,2,2,2,3,2,2,2,2,2,3,3,2,2,2,2,3,2,2,2,2,3,3,2,2,3,2,2,2,2,2,3,2,2,3,2,2,2,2,2,2,2,2,2,2,3,2,2,2,2,2,2,2,,2,2,2,2,4,2,3,2,2,3,,3,2,3,2,2,2,2,3,2,2,2,2,2,3,3,2,3,2,2,2,3,2,2,6,2,2,2,2,2,3,4,,2,2,2,4,2,3,2,2,2,3,3,3,3,2,2,2,3,4,3,3,2,2,2,2,2,2,2,3,2,2,2,2,2,2,2,2,2,2,2,3,3,2,2,3,2,2,2,2,2,2,2,3,3,2,2,2,3,2,3,5,3,2,2,2,2,2,2,2,3,2,2,2,2,2,3,2,2,2,2,2,2,2,3,2,2,3,2,2,2,3,2,2,2,3,2,2,2,2,2,2,3,2,2,2,2,2,2,3,4,2,3,2,2,2,2,3,2,2,2,2,2,2,2,2,3,2,2,3,2,2,4,2,2,2,2,3,2,2,3,3,2,2,2,2,2,2,2,2,2,2,2,3,2,2,2,2,2,3,2,2,2,2,2,2,2,8,2,2,2,2,2,3,2,2,3,2,2,3,3,2,2,3,2,2,3,3,2,2,3,2,2,2,2,2,4,2,2,2,2,2,3,2,3,2,2,2,3,2,3,2,2,2,2,3,2,2,3,2,2,3,3,3,4,3,2,2,3,2,2,3,3,2,2,3,3,3,2,3,3,2,9,3,2,2,3,2,2,3,5,3,3,2,2,2,2,3,2,2,5.1,2,2.083333,2.716666
16:15,,2,3,3,2,,,3,2,3,2,3,2,3,2,2,2,2,3,3,2,3,2,2,2,2,2,3,3,2,2,2,3,3,2,3,2,2,2,2,3,2,2,2,2,2,2,2,2,3,2,2,2,2,2,2,2,2,2,2,3,3,2,2,2,2,2,2,2,2,2,2,2,2,2,3,2,2,2,2,2,2,2,2,2,2,2,2,2,2,2,2,2,2,2,2,2,2,3,2,2,2,2,2,2,2,3,2,2,3,2,2,2,2,2,2,2,2,2,3,2,2,2,2,2,2,2,3,2,2,2,2,2,2,2,2,2,2,2,2,2,2,2,2,2,2,2,2,3,2,2,2,2,2,2,2,2,2,2,2,2,3,2,2,2,2,3,2,2,2,2,2,2,2,2,2,2,2,2,2,2,2,2,2,2,2,2,2,3,2,2,2,2,2,2,2,3,2,2,2,2,2,2,3,3,2,2,2,2,2,2,3,2,2,2,2,2,2,2,2,2,3,2,2,5,2,2,2,3,3,3,2,2,2,2,2,2,2,2,3,2,2,2,2,3,2,3,2,2,2,3,2,2,2,2,2,2,4,2,3,3,2,2,3,3,2,3,2,2,2,2,2,3,2,2,2,2,2,2,3,2,2,2,2,3,3,3,6,2,2,2,2,2,4,4,2,2,2,2,3,2,3,2,2,2,3,2,3,3,2,2,2,3,3,3,4,2,2,2,2,2,2,2,3,2,2,3,3,2,3,2,2,2,2,2,2,2,2,2,2,2,3,3,2,2,2,2,4,3,2,3,2,3,2,2,3,2,3,2,2,2,2,2,2,2,2,2,2,2,3,3,2,2,2,2,2,2,2,2,2,2,2,2,2,3,2,2,2,2,2,2,2,2,2,2,2,3,2,3,2,2,2,2,3,3,2,2,2,2,2,2,2,2,2,7,2,2,2,3,3,2,2,2,2,2,2,3,2,2,2,2,2,2,2,3,3,2,2,2,2,2,2,2,2,2,2,2,3,2,2,2,3,2,2,2,2,2,2,2,2,2,3,3,2,2,2,2,3,2,2,2,2,2,2,2,2,2,4,2,2,2,3,2,3,3,2,2,2,2,2,3,2,2,2,2,3,2,2,2,2,2,4,2,3,2,2,3,2,2,2,3,2,4,2,2,3,2,2,3,2,3,2,3,2,2,3,2,2,2,2,2,2,2,3,2,2,6,3,3,3,3,2,2,4,4,3,3,2,2,2,6,2,3,2,3.933333,2,2.433333,2.4
16:30,,3,2,2,2,,,3,3,2,2,3,2,4,2,2,2,2,3,3,2,2,2,2,2,2,2,2,3,2,2,2,2,3,3,2,2,2,2,2,3,2,2,2,2,2,2,2,2,5,2,2,2,2,2,2,2,2,2,2,3,2,2,2,2,2,2,2,2,2,2,2,2,2,2,3,2,2,2,2,2,3,2,2,3,2,2,2,2,2,3,2,2,2,2,2,2,2,3,2,2,2,2,2,2,2,2,2,2,3,2,2,3,2,2,2,2,2,2,3,2,2,2,2,2,2,2,3,2,2,2,2,2,2,2,2,2,2,3,3,2,2,2,2,2,2,2,2,2,2,2,3,3,2,2,2,2,2,2,2,2,2,2,2,2,2,2,2,2,2,2,2,2,2,2,2,2,2,2,2,2,2,2,2,2,2,2,2,3,2,2,2,2,2,2,3,3,2,2,2,2,3,2,2,3,2,2,2,2,2,2,2,2,2,2,2,2,2,2,2,2,3,3,3,3,2,3,2,3,3,2,2,2,2,2,2,2,2,2,3,2,2,2,3,2,2,2,2,2,2,2,2,2,2,2,2,2,3,2,3,2,2,2,3,2,2,3,2,2,2,2,3,3,2,2,2,2,2,2,3,2,2,2,2,2,3,2,5,2,2,2,2,2,3,2,4,2,2,3,4,3,2,2,2,2,3,3,2,3,2,2,2,3,3,2,2,2,2,2,2,2,3,2,3,2,2,3,3,2,3,2,2,2,2,2,3,2,2,2,2,2,2,3,3,2,2,2,3,4,2,3,2,2,2,2,3,3,2,2,2,2,2,2,2,2,2,2,2,2,2,3,2,2,2,2,2,2,2,2,2,2,2,2,2,2,2,2,3,2,2,2,2,2,2,2,2,2,2,2,2,2,2,2,2,2,2,2,2,2,2,2,2,2,2,6,2,2,2,2,3,2,2,2,2,2,3,3,2,2,2,2,3,2,2,2,2,2,2,2,2,2,2,2,2,2,2,4,2,2,2,,2,3,2,2,2,2,2,2,2,2,2,2,2,2,2,2,2,3,2,2,2,2,2,2,2,3,3,2,2,2,3,3,2,5,2,2,2,2,2,3,2,2,2,2,2,2,2,2,2,2,3,2,3,2,2,3,2,2,3,3,2,4,3,2,2,2,3,2,2,2,3,3,2,2,3,2,2,2,2,3,3,2,2,2,2,5,2,3,3,2,2,2,4,3,2,3,2,3,2,4,2,4,2,2.3,2,2.233333,2.016666
16:45,,2,2,3,2,,,2,3,2,2,2,2,3,2,2,2,2,2,2,2,2,3,2,2,2,2,2,3,2,2,2,2,3,2,2,3,2,2,2,3,2,2,2,2,2,2,2,2,4,2,2,2,2,2,2,2,2,2,2,3,2,2,2,2,2,2,3,2,2,2,2,2,2,2,2,2,2,2,2,2,2,2,2,2,2,2,2,2,2,2,2,2,2,2,2,2,2,2,2,2,2,2,2,2,2,2,2,2,2,3,2,6,2,2,2,2,2,2,2,2,2,2,2,2,2,2,2,2,2,2,2,2,2,2,2,2,2,3,3,2,2,2,2,2,2,2,2,2,2,2,5,3,2,2,2,2,2,2,2,2,2,2,2,2,2,2,2,2,2,2,2,3,2,2,2,2,2,2,2,2,2,2,2,2,2,2,3,3,3,2,2,2,2,3,3,2,2,2,2,2,2,3,3,2,2,2,2,2,2,2,2,2,2,3,2,2,2,2,2,2,2,2,2,,2,3,2,2,3,2,2,2,2,2,2,2,2,2,2,2,2,2,2,2,3,2,2,2,2,2,2,2,2,2,2,3,3,2,3,2,2,2,3,2,2,2,2,2,2,2,3,2,2,3,2,2,2,2,3,3,2,2,2,3,3,2,4,2,2,2,2,2,3,2,3,2,2,3,4,2,2,2,2,2,2,3,3,3,2,2,2,5,3,2,2,2,2,2,2,2,2,2,2,2,2,2,2,2,3,2,2,2,2,3,3,2,2,2,2,3,2,2,3,2,2,2,3,5,2,2,2,3,2,2,3,2,2,2,2,2,3,2,2,2,2,2,2,2,2,3,2,2,2,2,2,2,2,2,2,2,2,2,3,2,2,2,2,2,2,2,2,2,2,3,2,3,3,4,2,2,2,2,2,2,2,2,2,2,2,2,2,2,2,3,2,2,2,2,2,2,3,2,2,2,3,3,2,2,2,2,3,2,2,2,2,2,2,2,2,2,2,2,2,2,2,6,2,2,2,2,2,2,2,2,3,2,2,2,2,2,2,2,2,2,2,2,2,3,2,2,2,2,2,2,2,3,2,2,2,2,2,3,2,4,2,2,2,3,2,3,2,2,2,2,2,2,2,2,2,2,2,2,2,2,2,2,2,2,3,3,3,3,3,2,2,3,3,2,3,2,3,4,2,2,2,2,2,2,2,3,3,2,2,2,2,3,2,3,3,2,2,2,4,4,2,3,2,3,2,2,2,2,2,2.033333,2,2.116666,2.133333
17:00,,3,2,3,3,,,3,4,2,2,2,3,2,2,2,2,2,2,2,2,2,3,2,2,2,3,2,2,2,3,2,2,2,2,2,2,2,2,2,3,2,2,2,2,2,2,2,2,3,2,2,2,2,2,2,2,2,2,2,2,2,2,,2,2,,3,2,2,2,2,2,2,2,2,2,2,2,2,2,2,2,2,2,2,2,2,2,2,2,2,2,2,2,2,2,2,2,2,2,2,2,2,3,3,2,2,2,2,3,2,6,2,2,2,2,2,2,2,2,2,2,2,2,2,4,2,2,2,2,2,2,2,2,2,2,2,2,2,2,2,2,2,2,2,2,2,2,2,2,3,2,2,2,2,2,2,2,2,2,2,2,2,2,2,2,2,2,2,2,2,3,2,2,2,2,2,2,2,2,2,2,2,2,2,2,3,2,2,2,2,2,2,2,2,2,2,2,2,2,2,3,3,2,2,3,2,2,2,2,2,2,2,3,2,2,3,2,2,2,2,2,2,2,2,2,2,2,3,2,2,2,2,2,2,2,,2,2,2,2,2,2,2,4,2,2,3,2,2,2,2,2,2,2,2,3,3,2,2,2,2,2,2,2,2,2,2,2,2,2,3,2,3,2,2,2,2,2,3,2,2,2,3,3,2,2,2,2,2,2,3,3,2,2,2,2,3,3,2,3,2,2,2,2,3,3,3,2,2,3,4,2,2,2,2,2,2,2,2,2,2,2,2,2,3,2,2,3,2,3,2,2,2,2,3,2,3,2,3,2,2,3,2,2,2,3,3,2,2,2,3,2,2,2,2,2,1,2,3,2,2,2,2,2,2,2,2,2,2,2,2,2,2,2,2,2,2,2,2,2,2,3,2,2,2,2,3,2,2,2,2,2,3,2,3,2,2,2,2,2,2,2,2,2,2,2,2,2,3,2,2,2,2,2,2,2,2,2,2,2,2,2,2,3,2,2,2,2,2,2,2,3,2,3,2,2,2,3,2,2,2,,2,2,3,2,3,2,2,2,2,5,2,3,2,2,2,2,2,2,4,3,2,2,2,2,2,2,2,2,2,2,2,2,2,2,2,2,3,2,2,2,2,2,2,2,3,2,3,2,2,2,2,3,2,2,2,2,2,2,2,2,3,2,2,2,2,2,3,3,6,2,2,3,3,2,3,2,2,2,2,2,2,2,2,2,2,2,2,3,2,3,2,2,3,3,3,3,2,2,,4,6,3,3,3,3,2,3,2,3,2,2.033333,2,2.15,2.1
17:15,,3,2,3,2,,,3,3,2,2,2,3,2,2,2,2,2,2,2,2,2,2,2,2,2,2,2,2,2,3,2,2,3,2,2,2,3,2,2,2,2,3,2,2,2,2,2,2,2,2,2,2,2,3,2,2,2,2,2,5,2,2,2,2,2,2,2,2,2,2,2,2,2,2,2,2,2,2,2,2,2,2,2,2,2,2,2,2,2,2,2,2,2,2,2,2,2,2,2,2,2,2,2,3,3,2,2,2,2,2,2,3,2,2,2,3,2,2,2,2,2,2,2,3,1,4,2,2,2,2,2,2,2,2,2,2,2,2,2,2,2,2,2,2,2,2,2,2,2,2,3,2,2,2,2,2,2,2,2,2,2,2,2,2,2,2,2,2,2,2,2,2,2,2,2,2,2,2,2,2,2,2,2,2,2,2,3,2,2,2,2,2,2,2,2,2,2,2,2,2,2,2,2,2,2,2,2,2,2,2,2,2,2,2,2,2,2,2,2,2,2,2,2,2,3,2,2,2,3,2,2,2,2,2,2,2,3,2,2,2,2,2,2,2,2,2,2,2,2,2,2,2,2,2,2,2,3,2,3,2,2,2,2,2,3,3,2,2,2,2,2,2,3,2,2,2,2,2,2,3,2,2,2,2,2,2,4,2,2,2,2,2,3,2,2,2,2,3,2,2,4,2,2,2,2,2,2,2,2,2,2,2,3,2,2,2,2,2,2,2,2,2,2,2,2,3,3,2,2,2,2,2,2,2,2,2,2,3,2,2,2,2,3,2,2,2,2,2,2,2,2,3,2,2,2,2,2,2,2,2,2,2,2,2,2,3,2,2,2,2,2,2,2,2,2,2,2,2,2,2,2,2,2,2,2,2,2,2,2,2,2,2,2,2,2,3,2,2,2,2,2,2,3,2,2,2,2,2,2,3,2,2,2,2,2,2,2,2,2,2,2,2,2,2,3,2,2,2,2,2,2,2,3,2,2,2,2,2,2,2,3,2,2,2,2,2,2,3,2,2,2,2,3,2,3,2,2,2,2,2,2,3,3,2,2,2,2,2,2,2,2,2,2,3,3,2,2,2,2,3,2,3,2,2,2,2,2,3,2,2,2,2,2,2,3,2,2,2,2,2,2,2,2,3,2,2,2,2,2,2,2,3,2,2,3,2,2,2,2,2,2,2,2,2,2,2,2,2,2,2,2,2,3,2,2,4,3,2,3,2,2,2,3,6,3,3,2,3,2,3,3,3,2,2.233333,2,2.2,1.95
17:30,,2,2,2,2,,2,3,2,2,2,2,3,3,2,2,3,2,2,2,2,2,2,2,3,2,2,3,2,3,2,2,2,3,2,2,2,3,2,2,2,2,2,2,2,2,2,2,2,2,2,2,2,2,3,2,2,2,2,2,4,2,2,2,2,2,2,2,2,2,2,2,2,2,2,2,2,2,2,2,2,3,2,2,2,2,2,2,2,2,2,2,2,2,2,2,2,2,2,2,2,2,2,2,2,2,2,2,2,2,3,3,2,2,2,2,2,2,2,2,2,2,2,2,2,2,2,2,3,2,2,2,2,2,2,2,2,2,2,2,2,2,2,2,2,2,2,2,2,2,2,2,2,2,3,2,2,2,2,2,2,2,2,2,2,2,2,2,2,2,2,2,2,2,2,2,2,2,2,2,2,2,2,2,2,2,2,3,2,2,2,2,2,2,2,2,2,2,2,2,2,2,3,2,2,2,2,2,2,2,2,2,2,2,2,2,2,2,2,2,2,2,2,2,2,3,2,2,2,2,,2,2,2,2,2,2,2,2,2,2,2,2,2,2,2,2,2,2,3,2,3,2,2,2,2,2,2,3,3,2,2,2,3,2,3,3,2,2,2,2,2,2,2,2,3,2,2,2,2,2,2,2,2,2,3,2,5,2,2,2,2,2,3,2,2,2,2,3,2,2,4,2,2,2,2,2,3,2,2,2,2,2,3,2,2,2,2,2,2,2,2,2,1,2,2,2,3,2,2,2,2,2,2,2,2,2,2,2,2,2,3,2,2,2,2,2,2,2,2,2,2,2,2,2,2,2,2,2,2,2,2,2,2,2,2,3,2,2,2,2,2,2,2,2,2,2,2,2,2,2,2,2,2,2,2,2,2,2,2,2,2,2,2,2,2,2,2,2,2,2,2,2,2,2,3,2,2,2,2,2,2,2,2,2,2,2,2,2,2,2,2,2,2,2,2,2,2,2,2,2,2,2,2,2,2,2,2,2,2,2,3,2,2,2,2,3,2,2,2,2,2,2,2,2,2,2,2,2,3,2,3,2,2,2,2,2,2,2,2,2,2,2,2,2,3,2,2,2,2,3,2,3,2,2,3,2,2,3,2,2,2,2,2,2,2,2,2,2,2,2,2,2,2,2,2,2,2,2,2,2,3,2,2,2,2,2,2,2,2,2,2,2,2,2,2,2,2,2,2,3,2,2,2,2,2,3,2,2,2,2,2,2,3,3,4,3,2,2,2,3,3,2,2,2.233333,2,2,1.933333
17:45,,2,2,2,2,,3,3,2,2,2,2,2,3,2,2,2,2,2,3,2,2,2,2,3,2,2,2,2,2,2,2,2,3,2,2,2,3,2,2,2,2,2,2,2,2,2,2,3,5,2,2,2,2,2,2,2,2,2,2,2,2,2,2,2,2,2,2,2,2,2,2,2,2,2,2,2,2,2,2,2,2,2,2,2,2,2,2,2,2,2,2,2,2,2,2,2,2,2,2,2,2,2,2,2,2,2,2,2,2,2,2,2,2,2,2,2,2,2,2,2,2,2,2,2,2,2,2,3,2,2,2,2,2,2,2,2,2,2,2,2,2,2,2,2,2,2,2,2,2,2,2,2,2,4,2,2,2,2,2,2,2,2,2,2,2,3,2,3,2,2,2,2,2,2,2,2,2,2,2,2,2,2,2,2,2,2,2,2,2,2,2,2,2,2,2,3,2,2,2,2,2,3,2,2,2,2,2,2,2,2,2,2,2,2,2,2,3,2,2,2,2,2,2,2,4,,2,2,2,2,2,2,2,2,2,2,2,2,2,2,2,2,2,2,2,2,2,2,2,2,3,2,2,2,2,3,2,2,2,2,2,2,3,2,2,2,2,2,2,2,2,2,2,2,2,2,2,2,2,2,2,2,2,2,2,2,4,2,2,2,2,2,3,2,2,2,2,2,2,2,6,2,2,2,2,3,3,2,2,2,2,2,2,2,2,2,2,2,2,2,2,2,2,2,2,2,2,2,2,2,2,2,2,2,2,2,2,2,2,2,2,2,3,2,2,2,2,2,2,2,2,3,2,2,2,2,2,2,2,2,2,2,2,2,2,2,2,2,3,2,2,2,2,2,2,2,2,2,2,2,2,2,2,3,2,2,2,2,2,2,2,2,2,2,2,2,2,2,2,2,2,2,2,2,2,2,2,2,2,2,2,2,3,2,2,2,2,2,2,2,2,3,2,2,3,2,2,2,2,2,2,2,2,2,2,2,2,2,2,2,3,2,2,2,2,3,2,2,2,2,2,2,3,2,2,2,2,2,3,2,2,2,2,2,2,2,2,2,2,2,2,2,2,2,,2,2,2,2,2,2,2,2,2,3,2,2,3,2,2,2,2,2,2,2,2,2,2,2,2,2,2,2,2,2,2,2,2,2,3,3,2,2,2,2,2,2,2,2,2,2,2,2,3,2,2,2,2,2,3,2,2,2,2,2,2,3,2,2,2,2,2,4,2,3,3,2,2,2,2,2,2,2,1.983333,2,2.816666,2.116666
18:00,,3,2,2,2,,3,3,2,2,2,2,2,2,2,2,2,2,2,2,2,2,2,2,2,2,2,2,2,2,2,2,2,2,2,2,2,2,2,2,2,2,2,2,2,2,2,2,2,2,2,2,2,2,2,2,2,2,2,2,2,2,2,2,2,2,2,2,2,2,2,2,2,2,2,2,2,2,2,3,2,2,2,2,2,2,2,2,2,2,2,2,2,2,2,2,3,2,2,2,2,2,2,2,2,2,2,2,2,2,2,2,2,2,2,2,2,2,2,2,2,2,2,2,2,2,2,2,2,2,2,2,2,2,2,2,2,2,2,2,2,2,2,2,2,2,2,3,2,2,2,3,2,2,2,2,2,2,2,2,2,2,2,2,2,2,3,2,3,2,2,2,2,2,2,2,2,2,2,2,2,2,2,2,2,2,2,2,2,2,2,2,2,2,2,2,3,2,2,2,2,2,3,2,2,2,2,2,2,2,2,2,2,2,2,2,2,3,2,2,2,2,2,2,3,6,2,2,2,2,2,2,2,2,2,2,2,2,2,2,2,2,2,2,2,2,2,2,2,3,2,3,2,2,2,2,2,2,2,2,2,2,2,2,2,2,3,2,2,2,2,2,2,2,2,2,2,2,2,2,2,2,2,2,2,3,2,3,2,2,2,2,2,3,2,2,2,2,2,2,2,4,2,2,2,2,3,2,2,2,2,2,2,2,2,3,2,2,2,2,2,2,3,2,2,2,2,2,3,2,2,2,3,2,2,2,2,2,2,2,2,2,3,3,2,2,2,2,3,2,2,2,3,2,2,2,2,2,2,2,2,2,2,2,2,2,2,2,2,3,2,2,2,2,2,2,2,2,2,2,2,2,2,2,2,2,2,2,2,2,3,2,2,2,2,2,2,2,2,2,2,2,2,2,2,2,2,2,2,2,2,2,2,3,2,2,2,2,2,2,2,2,2,2,2,2,2,2,2,2,2,2,2,2,2,2,2,2,2,2,2,2,2,2,2,2,2,2,3,2,2,2,2,3,2,3,2,2,2,2,2,2,3,2,2,2,2,2,2,2,2,2,2,3,2,,2,2,2,2,2,2,2,2,2,2,2,2,2,2,2,2,2,2,2,2,2,2,2,2,2,2,2,2,2,2,2,2,2,2,2,4,3,2,2,2,2,2,2,2,2,2,2,2,3,2,2,2,2,2,2,2,2,2,2,2,2,3,2,2,3,2,2,5,2,3,2,2,2,2,2,3,3,3,2.233333,2,2.633333,2.216666
18:15,,2,2,2,2,,2,2,2,2,2,2,2,2,2,,2,2,2,2,2,2,2,2,3,3,2,2,2,2,2,2,3,2,2,2,2,2,2,2,2,2,2,2,2,2,2,2,2,2,2,2,2,2,2,2,2,2,2,2,2,2,2,2,2,2,2,2,2,2,2,2,2,2,2,2,2,2,2,3,2,2,2,2,2,2,2,2,2,2,2,2,2,2,2,2,3,2,2,2,2,2,2,2,2,2,2,2,2,2,2,2,2,3,2,2,2,2,2,2,2,2,2,2,2,2,2,2,2,2,2,2,2,2,2,2,2,2,2,2,2,2,2,2,2,2,2,2,2,2,2,3,2,2,2,2,2,2,2,2,2,2,2,2,2,2,2,2,2,2,2,2,2,2,2,2,2,2,2,2,2,2,2,2,2,2,2,2,2,2,3,2,2,2,2,2,2,2,2,2,2,2,2,2,2,2,2,2,3,2,2,2,2,2,2,2,2,2,2,2,2,2,2,2,2,7,2,2,2,2,2,2,2,2,2,2,2,3,2,2,2,2,2,2,2,2,2,2,2,2,2,2,3,2,3,2,2,2,3,2,2,2,2,2,2,2,3,2,2,2,2,2,2,2,2,2,3,2,2,2,2,2,2,2,2,2,2,3,2,2,2,2,2,3,2,2,3,3,2,2,2,7,2,2,2,3,3,2,2,2,2,2,2,2,2,3,2,2,2,2,6,2,2,2,2,2,2,2,3,2,2,2,2,2,2,2,2,2,2,2,2,2,3,3,2,2,2,2,3,2,2,2,2,2,2,2,2,2,2,2,2,2,2,2,2,2,2,2,2,2,2,2,2,2,2,2,2,2,2,2,2,3,2,2,2,2,2,2,2,2,3,2,2,2,2,2,2,2,2,2,2,2,2,2,2,2,2,3,2,2,2,2,2,2,2,2,2,2,2,2,2,2,2,2,2,2,2,3,2,2,2,2,2,2,2,2,2,2,2,2,2,2,2,2,2,2,2,2,2,2,2,2,2,2,2,3,2,2,2,2,2,3,3,3,2,2,2,2,2,2,2,2,2,3,3,,2,2,2,3,2,2,2,2,2,2,2,2,2,2,2,2,2,2,2,3,2,2,2,2,2,2,2,2,2,2,2,2,3,2,3,3,2,2,2,2,2,2,2,2,2,2,3,2,2,2,2,2,2,2,3,2,2,2,2,3,2,2,2,2,2,2,2,4,2,3,2,2,2,2,2,3,3,4,2.2,2,1.95,2.05
18:30,,2,2,2,2,,2,2,2,2,2,2,2,2,2,5,2,2,2,2,2,2,3,2,2,3,2,2,2,2,2,2,2,2,2,2,3,3,2,2,2,2,2,2,2,2,2,2,2,2,2,2,2,2,2,2,2,2,2,2,2,2,2,2,2,2,2,2,2,2,2,2,2,2,2,2,2,2,2,2,2,2,2,2,2,2,2,2,2,2,2,2,2,2,2,2,2,2,2,2,2,2,2,2,2,2,2,2,2,2,2,2,2,2,2,2,2,2,2,2,2,2,2,2,2,2,2,2,2,2,2,2,2,2,2,2,2,2,2,2,2,2,2,2,2,3,2,2,2,2,2,2,2,2,2,2,2,2,2,2,2,2,2,2,2,2,2,2,2,2,2,2,2,2,2,2,2,2,2,2,2,2,2,2,2,2,2,2,2,2,2,2,2,2,2,2,2,2,2,2,3,2,2,2,2,2,2,2,3,2,2,2,2,2,2,2,2,2,2,2,2,2,2,2,2,3,2,2,2,2,2,2,2,2,2,2,2,2,2,2,2,2,2,2,2,2,2,2,2,2,2,2,2,2,5,2,2,2,3,2,2,2,2,2,2,2,2,2,2,2,3,2,2,2,2,2,3,2,3,2,2,2,2,2,2,2,2,3,2,2,2,2,2,2,2,2,2,2,2,2,2,5,2,2,2,3,2,2,2,2,2,2,2,2,2,2,2,2,2,2,4,2,2,2,2,2,2,2,2,2,2,2,2,2,2,2,2,2,2,2,2,2,2,3,2,2,2,2,2,2,2,2,3,2,2,2,2,2,2,3,2,2,2,2,2,2,2,2,2,2,2,2,2,2,2,2,2,2,2,2,2,3,2,2,2,2,2,2,2,2,2,2,2,2,2,2,2,2,2,2,2,2,2,2,2,2,2,2,2,2,,2,2,2,2,2,2,2,2,2,2,2,2,2,2,2,2,3,2,2,2,2,2,2,2,2,2,2,2,2,2,2,2,2,2,2,2,2,2,2,2,2,2,2,2,2,2,2,2,2,2,2,2,3,2,2,2,2,2,2,2,2,2,2,3,,2,2,2,3,2,3,2,2,2,2,2,2,2,2,2,2,2,2,2,2,2,2,2,2,2,2,2,2,2,3,2,2,3,3,3,2,3,2,2,2,3,2,2,2,2,2,3,2,2,2,2,2,2,2,3,2,3,2,2,3,2,2,3,2,2,2,2,2,3,2,2,2,2,2,2,2,2,2,2,2,2.566666,2.066666
18:45,,2,2,2,2,,3,2,2,2,2,2,2,2,2,2,2,2,2,2,3,2,2,2,3,2,2,2,2,2,2,2,2,2,2,2,2,3,2,2,2,2,2,2,2,2,2,2,2,2,2,2,2,2,2,2,2,2,2,2,2,2,2,2,2,2,2,2,2,2,2,2,2,2,2,2,2,2,2,2,2,2,2,2,2,2,2,2,2,2,2,2,2,2,2,2,2,2,2,2,2,2,2,2,2,2,2,2,2,2,3,2,2,2,2,2,2,2,3,2,2,2,2,2,2,2,2,2,2,2,2,2,2,2,2,2,2,2,2,2,2,2,2,2,3,2,2,2,2,2,2,2,2,2,2,2,2,2,2,2,2,2,2,2,2,2,2,2,2,2,2,2,2,2,2,2,2,2,2,2,2,2,2,2,2,2,2,2,2,2,2,2,2,2,2,2,2,2,2,2,3,3,2,2,2,2,2,4,2,2,2,2,2,2,2,,2,2,2,2,2,2,2,2,2,2,2,2,2,2,2,2,2,3,2,2,2,3,2,2,,2,2,2,2,2,2,2,2,2,2,2,2,2,2,2,2,2,2,2,2,2,2,2,2,3,2,2,2,2,2,2,2,2,2,2,2,2,3,2,2,2,2,2,2,2,2,2,2,2,2,2,2,3,2,2,2,3,2,2,2,2,3,2,2,2,2,3,2,2,2,2,2,2,2,2,2,2,2,2,2,2,2,2,2,2,2,2,2,2,2,3,2,2,2,2,2,2,2,2,2,2,2,2,2,2,2,2,2,2,2,2,2,2,2,2,2,3,2,3,2,2,2,2,2,2,2,2,2,2,2,2,2,2,2,2,2,3,2,2,2,2,2,2,2,3,2,2,2,2,2,2,2,2,2,2,2,2,2,2,3,2,2,2,2,2,2,2,2,2,2,2,2,2,2,2,2,2,2,2,2,2,2,2,3,2,2,2,2,2,2,2,2,2,2,2,2,2,2,2,2,2,2,2,2,2,2,2,2,2,2,2,2,2,2,2,2,3,2,2,2,2,2,2,2,2,2,2,2,2,2,2,2,2,2,,2,2,2,2,2,2,2,2,2,2,2,2,2,2,2,2,2,2,2,2,2,2,2,2,2,2,3,2,3,3,2,2,2,3,2,2,3,2,2,2,3,3,2,2,2,2,2,2,2,2,2,2,2,2,2,2,3,2,2,3,2,2,2,3,2,2,2,3,2,2,2,2,2,2,2,2,2,2,2.216666,2,2.416666,2.783333
19:00,,2,2,2,2,,2,2,2,2,2,2,2,2,2,2,3,2,2,2,3,2,2,2,3,2,2,2,2,2,2,2,3,2,2,2,2,3,2,2,2,2,3,2,2,2,2,2,2,2,2,2,2,2,2,2,2,2,2,2,2,2,2,2,2,2,2,2,2,2,2,2,2,,2,2,2,2,2,2,2,2,3,2,2,2,2,2,2,2,2,2,2,2,2,2,2,2,2,2,2,2,2,2,2,2,2,2,2,2,2,2,2,2,2,2,2,2,3,2,2,2,2,2,2,2,3,2,2,2,2,2,2,2,2,2,2,2,3,2,2,2,2,2,2,2,2,2,2,2,2,2,2,2,2,2,2,2,2,2,2,2,2,2,2,2,2,2,2,2,2,2,2,2,2,2,2,2,2,2,2,2,2,2,2,2,2,2,2,2,2,2,2,2,2,2,2,2,2,2,2,3,2,2,2,2,2,3,2,2,2,2,2,2,2,2,2,2,2,2,2,2,2,2,3,2,2,2,2,2,2,2,2,3,2,2,2,3,2,2,2,2,2,2,2,2,2,2,2,2,2,2,3,3,,2,2,2,2,2,2,2,2,2,2,2,2,2,2,2,2,2,2,2,2,2,3,2,2,2,2,2,2,2,2,2,2,2,3,2,2,2,2,2,2,2,2,3,2,2,2,2,2,2,2,2,2,2,2,2,2,2,3,2,2,2,2,2,2,2,2,2,2,2,2,2,2,2,2,2,2,3,2,2,2,2,2,2,2,2,2,2,3,2,2,3,2,2,2,2,3,2,2,2,2,2,2,3,3,2,2,2,2,2,2,2,2,2,2,2,2,2,2,2,2,2,2,2,2,2,2,2,2,2,2,2,2,3,2,2,2,2,2,2,2,2,2,2,2,2,2,2,2,2,2,2,2,2,2,2,2,2,2,2,2,2,2,2,2,3,2,2,2,2,3,2,2,2,2,2,2,2,2,3,2,2,2,2,2,2,2,2,2,2,2,2,2,3,2,2,2,2,2,2,2,3,2,3,2,2,2,2,2,2,2,2,3,2,3,2,2,2,2,2,2,,2,2,2,2,2,2,2,2,2,2,2,2,2,2,3,2,2,2,2,2,2,2,2,2,2,2,3,2,3,2,2,2,2,2,2,2,2,2,2,2,3,2,2,2,2,2,2,2,2,3,2,2,3,2,2,3,3,2,2,2,2,2,2,3,2,2,2,2,2,2,2,2,2,2,2,2,2,2,2.116666,2,2.066666,2.8
19:15,,2,2,2,2,,2,2,2,2,2,3,2,2,2,2,3,2,2,2,2,2,2,2,2,2,2,2,2,3,2,2,3,2,2,2,2,2,2,2,2,2,3,2,2,2,2,2,2,2,2,2,2,2,2,2,3,2,2,2,2,2,2,2,2,2,2,2,2,2,2,2,2,2,2,2,2,2,2,2,2,2,2,2,2,2,2,2,2,2,2,2,2,2,2,2,2,2,2,2,2,2,2,2,2,2,2,2,2,2,2,2,2,2,2,2,2,2,2,2,2,2,2,2,2,2,3,2,2,2,2,2,2,2,2,2,2,2,2,3,2,2,2,2,2,2,2,2,2,2,2,2,2,2,2,2,2,2,2,2,2,2,2,2,2,2,2,2,2,2,2,2,2,2,2,2,2,2,2,2,2,2,2,2,2,2,2,2,2,2,2,2,2,2,3,2,2,2,2,2,2,2,2,2,2,2,2,2,2,2,2,2,2,2,2,2,2,2,2,2,2,2,2,2,3,2,2,2,2,2,2,2,2,2,2,2,2,2,2,2,2,2,2,2,2,2,2,2,2,2,2,3,3,,2,2,2,2,2,2,,3,,2,2,2,2,2,2,2,2,2,2,2,2,2,2,2,2,2,2,2,2,2,2,2,2,2,2,2,2,2,2,2,2,3,2,2,2,2,3,2,2,2,2,2,2,2,2,2,3,2,2,2,2,2,2,2,2,2,2,2,2,2,2,2,2,2,2,2,2,2,2,2,2,2,2,3,2,2,2,2,3,2,2,2,2,2,3,2,3,2,2,2,2,2,2,2,2,2,2,3,2,2,2,2,3,2,2,2,2,2,2,2,2,2,2,2,2,2,2,2,2,2,2,2,2,3,2,2,2,2,2,2,2,2,2,2,2,2,2,2,2,2,2,2,2,2,2,2,2,2,2,2,2,2,2,2,2,3,2,2,2,3,2,2,2,2,2,2,2,2,2,3,4,2,2,2,2,2,2,2,2,2,,2,2,2,2,2,2,2,2,2,2,2,2,2,2,2,3,2,2,2,2,2,2,2,2,2,4,2,2,3,2,,2,2,2,2,2,3,2,2,2,2,2,2,2,2,2,2,2,2,2,2,2,2,2,2,2,2,2,2,3,2,2,2,2,2,2,2,2,2,2,3,2,2,2,2,2,3,3,3,2,2,2,2,2,2,2,3,3,2,2,2,3,2,2,2,2,2,3,2,2,2,2,2,2,3,2,3,2,2,2.016666,2,2.066666,2
19:30,,2,2,2,2,,2,2,2,2,2,3,2,2,2,3,2,2,2,2,2,2,2,2,2,2,2,2,2,2,2,2,2,2,2,2,2,2,2,2,2,2,2,2,2,2,2,2,2,2,2,2,2,2,2,2,2,2,2,2,2,2,2,2,2,2,2,2,2,2,2,2,,2,2,2,2,2,2,2,2,2,2,2,2,2,2,2,2,2,2,2,2,2,2,2,2,2,2,2,2,2,2,2,2,2,2,2,2,2,2,2,2,2,2,2,2,2,2,2,2,2,2,2,2,2,2,2,2,2,2,2,2,2,2,2,2,2,2,2,2,2,2,2,2,2,2,2,2,2,2,2,2,2,2,2,2,2,2,2,2,2,2,2,2,2,2,2,2,2,2,2,2,2,2,2,2,2,2,2,2,2,2,2,2,2,2,2,2,2,2,2,2,3,3,2,2,2,2,2,2,2,2,2,2,2,2,3,2,2,2,2,2,2,2,2,2,3,2,2,2,2,2,2,2,2,2,2,2,2,2,2,2,2,2,2,2,,2,2,2,2,2,2,2,2,2,2,2,2,2,3,2,2,2,2,2,2,2,2,2,3,2,2,2,3,2,2,2,2,2,2,2,2,2,2,2,2,2,2,2,2,2,2,2,2,3,2,2,2,2,2,2,2,2,2,2,2,2,2,3,3,2,2,2,2,2,2,2,2,3,3,2,2,2,2,2,2,2,2,2,2,2,2,2,2,2,2,2,2,2,2,2,2,3,2,2,2,2,2,2,2,2,2,2,2,2,2,2,2,2,2,2,2,2,2,2,3,2,2,2,3,2,2,2,2,3,2,2,2,2,2,2,2,2,2,2,2,2,2,2,2,2,3,2,2,2,2,2,2,2,2,2,2,2,2,3,2,2,2,2,2,2,2,2,2,2,2,2,2,3,2,2,2,2,2,2,2,2,2,2,2,2,2,2,2,2,2,2,2,2,2,2,2,3,2,2,2,2,2,2,2,2,2,2,2,2,2,2,2,2,2,3,2,2,2,2,2,2,2,2,3,2,2,2,2,2,2,2,2,2,2,2,2,2,,2,2,3,2,2,2,2,2,2,2,2,2,2,2,2,2,2,2,3,2,2,3,2,2,2,2,2,2,3,3,2,2,2,2,2,2,3,2,2,2,2,3,2,2,2,2,3,2,3,2,2,2,2,3,2,2,3,2,2,3,2,2,2,2,2,2,3,2,2,2,3,2,2,3,2,2,2,2,1.983333,2,2,2.05
19:45,,2,2,2,2,,2,2,2,2,2,2,2,2,2,2,2,2,2,2,2,2,2,2,2,2,2,2,2,3,2,2,2,2,2,2,2,2,2,2,2,2,2,2,2,2,2,2,2,2,2,2,2,2,2,2,2,2,2,2,2,2,2,2,2,2,2,2,2,2,2,2,2,2,2,2,2,2,2,2,2,2,2,2,2,2,2,2,3,2,2,2,2,2,2,2,2,2,2,2,2,2,2,2,2,2,2,2,2,2,2,2,2,2,2,2,2,2,2,2,2,2,2,2,2,2,2,2,2,2,2,2,2,2,2,2,2,2,2,2,2,2,2,2,2,2,2,2,2,2,2,2,2,2,2,2,2,2,2,2,2,2,2,2,2,2,2,2,2,2,2,2,2,2,2,2,2,2,2,2,2,2,2,2,2,2,2,2,2,2,2,2,2,2,2,2,2,2,2,2,2,2,2,2,2,2,2,3,3,2,2,2,2,2,2,2,2,2,2,2,2,2,2,2,2,2,2,2,2,2,2,2,2,2,2,2,2,2,2,2,2,2,2,2,2,2,2,2,2,2,2,2,3,2,2,2,2,2,2,3,2,2,2,2,2,3,2,2,2,2,2,2,2,2,2,2,2,2,2,2,2,2,2,2,2,2,3,2,2,2,2,2,2,2,2,2,2,2,2,2,2,2,3,2,2,2,2,2,2,2,2,2,2,4,2,2,2,2,2,2,2,2,3,2,2,2,2,2,2,2,2,2,2,2,2,2,2,2,3,2,2,2,2,2,2,2,2,2,2,2,2,2,2,2,2,2,2,2,2,2,2,2,2,2,2,2,3,2,2,2,2,2,2,2,2,2,3,2,2,2,2,2,2,3,2,2,2,2,2,2,2,2,2,2,2,2,3,2,2,2,2,3,2,2,2,2,2,2,2,2,3,2,2,2,2,2,2,2,2,2,2,2,2,2,2,2,2,2,2,2,2,2,2,2,2,3,2,2,3,2,2,2,2,2,2,2,2,,2,2,2,2,2,2,2,2,2,2,2,2,2,2,2,2,2,2,2,2,2,2,2,2,2,2,2,,2,2,2,2,2,2,2,2,2,2,2,2,2,2,2,2,2,2,3,3,2,2,2,2,2,2,2,2,2,3,2,2,2,2,2,2,3,2,2,2,2,3,2,2,2,2,3,3,3,2,2,2,2,2,2,3,2,3,3,2,2,3,2,2,2,2,2,2,2,2,3,2,2,2,2,3,2,2,2,2,2.066666,1.983333
20:00,,2,3,2,2,,2,2,2,2,2,2,2,2,2,2,2,2,2,2,2,2,2,2,2,2,2,2,2,3,2,2,2,2,2,2,2,2,2,2,2,2,3,2,3,2,2,2,2,2,2,2,2,3,2,2,2,2,2,2,2,2,2,2,2,2,2,2,2,2,2,2,2,2,2,2,2,2,2,2,2,2,2,2,2,2,2,2,3,2,2,2,2,2,2,2,2,2,2,2,2,2,2,2,2,2,2,2,2,2,2,2,2,2,2,2,2,2,2,2,2,2,2,2,2,2,2,2,2,2,2,2,2,2,2,2,2,2,2,2,2,2,2,2,2,2,2,2,2,2,2,2,2,2,2,2,2,2,2,2,2,2,2,2,2,2,2,2,2,2,2,2,2,2,2,2,2,,2,2,2,2,2,2,2,2,2,2,2,2,2,2,2,2,2,2,2,2,2,2,2,2,2,2,2,2,2,2,3,2,2,2,2,2,2,2,2,2,2,2,2,2,2,2,2,2,2,2,2,2,2,2,2,2,2,2,2,2,2,2,2,3,2,2,2,2,2,2,2,2,2,2,3,2,2,2,2,2,2,3,2,2,2,2,3,2,3,2,2,2,2,2,2,2,3,2,2,2,2,2,2,2,2,2,2,2,2,2,2,2,2,2,2,2,2,2,2,2,2,2,2,2,3,2,2,2,2,2,2,2,2,2,2,3,2,2,2,2,2,2,2,2,2,2,2,2,2,2,2,2,2,2,2,2,2,2,2,2,2,2,2,2,2,2,2,2,2,2,2,2,2,2,2,2,2,2,2,2,2,2,2,2,2,2,2,2,2,2,3,2,2,2,2,2,2,2,2,2,2,2,2,2,2,2,2,2,2,2,2,2,2,2,2,2,3,2,2,2,2,2,2,2,2,2,2,2,2,2,2,2,2,2,2,2,2,2,2,2,2,2,2,2,2,2,2,2,2,2,2,2,2,2,2,2,2,2,2,2,3,2,,2,2,2,2,2,2,2,2,2,2,2,2,2,2,2,2,2,2,2,3,2,2,2,2,2,2,2,2,2,2,2,2,2,2,,2,2,2,2,2,2,2,2,2,2,2,3,2,2,2,2,2,2,2,3,3,2,2,2,2,2,2,2,3,3,2,2,2,3,3,2,2,2,2,3,3,2,2,2,2,3,2,3,2,2,2,2,2,2,2,3,3,2,2,2,2,3,2,2,2,2,2,2,3,2,2,2,2,2,2,3,2,3,2,2,2.033333,1.95
20:15,,2,2,3,2,,2,2,2,2,2,2,2,2,2,2,2,2,2,2,2,2,2,2,2,2,2,2,2,2,2,2,2,2,2,2,2,2,2,2,2,2,3,2,2,2,2,2,2,2,2,2,2,3,2,2,2,2,2,2,2,2,2,2,,2,2,2,2,2,2,2,2,2,2,2,2,2,2,2,2,2,2,3,2,2,2,2,2,2,2,2,2,2,2,2,2,2,2,2,2,2,2,2,3,2,2,2,2,2,2,2,2,2,2,2,2,2,2,2,2,2,3,2,2,2,2,2,2,2,2,2,2,2,2,2,2,2,2,2,2,2,2,2,2,2,2,2,2,2,2,2,2,2,2,2,2,2,2,2,2,2,2,2,2,2,2,2,2,2,2,2,2,2,2,2,2,2,2,2,2,2,2,2,2,2,2,2,2,2,2,2,2,2,2,2,2,2,2,2,2,2,2,2,2,2,2,2,2,2,2,2,2,2,2,2,2,2,2,2,2,2,2,2,2,2,2,2,2,2,2,2,2,2,2,2,2,2,2,2,2,2,3,2,2,2,2,2,2,2,2,2,2,2,2,2,3,2,2,3,2,2,2,2,3,2,3,2,2,2,2,2,2,2,2,2,2,2,2,2,2,2,2,2,2,2,2,2,2,2,2,2,2,2,2,2,2,2,2,2,2,2,2,2,2,2,2,2,2,2,2,3,2,2,2,2,2,2,2,2,2,2,2,2,2,2,2,2,2,2,2,2,2,3,2,2,2,2,2,2,2,3,2,2,2,2,2,2,2,2,2,2,2,2,2,2,2,2,2,2,2,2,2,2,2,2,2,2,2,2,2,2,2,2,2,2,2,2,2,2,2,2,3,2,2,2,2,2,2,2,2,2,2,2,3,3,2,4,2,2,2,2,2,2,2,2,2,2,2,2,2,2,2,2,2,3,2,2,2,2,2,2,2,2,2,2,2,2,2,2,2,2,2,2,2,2,2,2,2,2,2,2,2,2,2,2,2,2,2,3,2,2,2,2,2,2,2,2,2,2,2,2,2,2,2,2,2,2,2,2,2,2,2,2,2,,2,2,2,3,2,2,2,2,2,2,2,3,2,2,2,2,2,2,2,2,3,2,2,2,2,2,2,2,3,2,2,2,2,4,3,2,2,2,2,3,2,2,3,2,2,2,2,2,2,2,2,2,2,2,2,3,2,2,2,2,3,2,2,2,2,2,2,2,3,2,3,2,2,2,2,3,2,2,2.016666,2,1.983333,2.5
20:30,,2,2,2,2,,2,2,2,2,2,2,3,2,2,2,2,2,2,3,2,2,2,2,2,2,2,3,2,2,2,2,2,2,2,2,2,2,2,2,2,3,2,2,2,2,2,2,2,2,2,2,2,2,2,2,2,2,2,2,2,2,2,2,2,2,2,2,,2,2,2,2,2,2,2,2,2,2,2,2,2,2,2,2,2,2,2,2,2,2,2,2,2,2,3,2,2,2,2,2,2,2,2,3,2,2,2,2,2,2,2,2,2,2,2,2,2,2,2,2,2,2,2,2,2,2,2,2,2,2,2,2,2,2,2,2,2,2,2,2,2,2,2,2,2,2,2,2,2,2,2,2,2,2,2,2,2,3,2,2,2,2,2,2,2,2,2,2,2,2,2,2,2,2,2,2,2,2,2,2,2,2,2,2,2,2,2,3,3,2,2,2,2,2,2,2,2,2,2,2,2,2,2,2,2,2,2,2,2,3,2,2,2,2,2,2,2,2,2,2,2,3,2,2,2,2,2,2,3,2,2,2,2,2,2,2,2,2,2,2,2,2,,2,2,2,3,2,2,2,3,3,2,2,2,2,2,2,2,2,2,,2,2,2,2,2,2,2,3,2,3,2,2,2,2,2,2,2,2,2,2,2,3,3,2,2,2,2,2,2,2,2,2,3,2,2,2,2,3,2,2,2,3,2,2,3,2,2,3,2,3,2,2,2,2,2,2,2,2,3,2,2,2,2,2,2,2,2,2,2,2,3,2,2,2,2,2,2,2,3,2,3,2,2,2,2,2,2,2,2,3,2,2,2,2,2,2,2,2,2,2,2,2,2,2,2,2,2,2,2,2,2,2,2,2,2,2,3,2,2,2,2,2,2,2,2,2,2,2,2,2,2,2,2,2,3,2,2,2,2,2,2,2,2,2,2,2,2,2,2,2,2,2,2,2,2,2,2,2,2,2,2,2,2,2,2,2,2,2,2,2,3,2,2,2,2,2,2,2,2,2,2,2,2,2,2,2,3,2,2,2,2,2,2,2,2,2,2,2,2,2,2,2,2,2,2,3,2,2,2,2,2,2,,2,2,2,2,2,2,2,2,2,2,2,2,2,2,2,2,2,2,2,2,2,2,2,2,2,2,2,2,2,2,2,2,3,2,2,2,2,2,2,2,2,2,3,2,2,2,2,2,2,2,2,2,2,2,3,3,2,2,2,2,4,2,2,2,2,2,2,2,2,2,2,2,2,2,3,2,3,2,2.45,2,2.083333,2.4
20:45,,2,3,2,2,,2,2,2,2,2,2,2,2,2,2,2,2,3,2,2,2,2,2,2,2,2,3,2,2,2,2,3,2,2,2,2,2,2,2,2,2,2,2,2,2,2,2,2,2,2,2,2,2,2,2,2,2,2,3,2,2,2,2,2,2,2,2,2,2,2,2,2,2,2,2,2,2,2,2,2,2,2,2,2,2,2,2,2,2,2,2,2,2,2,3,2,2,2,2,2,2,2,2,2,2,2,2,2,2,2,2,2,2,2,2,2,2,2,2,2,2,2,2,2,2,2,2,2,2,2,2,2,2,2,2,2,2,2,2,2,2,2,2,2,2,2,2,2,2,2,2,2,2,2,2,2,2,3,2,2,2,2,2,2,2,2,2,2,2,2,2,2,2,2,2,2,2,2,2,2,2,2,2,2,2,2,2,2,2,2,2,2,2,3,2,2,3,2,2,2,2,2,2,3,2,2,2,2,2,3,2,2,2,2,2,2,2,2,2,3,2,3,3,2,2,2,2,3,2,3,2,2,2,2,2,2,3,2,2,2,2,2,2,2,2,2,2,2,2,2,3,3,2,2,2,3,2,2,2,2,2,3,2,2,2,2,2,2,2,2,2,2,2,2,2,2,2,2,2,2,2,2,2,2,3,2,2,2,2,2,2,2,2,2,3,2,2,2,2,2,3,2,2,3,2,2,3,2,2,2,2,2,2,2,3,2,2,2,2,2,2,2,2,2,2,2,2,2,2,2,2,2,2,2,2,2,2,2,2,2,2,2,2,2,2,2,2,3,2,2,2,3,2,2,2,2,2,2,2,2,2,2,2,2,2,3,2,2,2,2,2,2,2,2,2,2,2,2,2,2,2,2,2,2,2,2,2,2,2,2,2,2,2,2,2,2,2,2,2,2,2,2,2,2,2,2,2,2,2,2,2,2,2,2,2,2,2,2,2,2,2,2,2,2,2,2,2,2,2,2,2,2,3,2,2,2,2,2,,2,2,2,2,2,3,2,2,2,2,2,2,2,2,3,2,2,2,2,2,2,2,2,2,2,2,2,2,2,2,2,2,2,2,2,,2,2,2,2,2,2,2,2,2,2,2,2,2,2,2,2,2,2,2,2,2,2,2,2,2,2,2,2,2,2,2,2,3,2,2,2,2,2,2,2,2,2,2,3,2,2,3,2,2,2,2,2,2,2,2,2,2,2,2,2,4,2,2,2,2,2,2,2,2,2,3,2,2,2,2,2,2,2,2.3,2,2.016666,2.3
21:00,,2,3,2,2,,2,2,2,2,2,2,2,2,2,2,2,2,3,2,2,2,2,2,2,2,2,3,2,2,2,2,3,2,2,2,2,2,2,2,2,2,2,2,2,2,2,2,2,2,2,2,2,2,2,2,2,2,2,3,2,2,2,2,2,2,2,2,2,2,2,2,2,2,2,2,2,2,2,2,2,2,2,2,2,2,2,2,2,2,2,2,2,2,2,2,2,2,2,2,2,2,2,2,2,2,2,2,2,2,2,2,2,2,2,2,2,2,2,2,2,2,2,2,2,2,2,2,2,2,2,2,2,2,2,2,2,2,2,2,2,2,2,2,2,2,2,2,2,2,2,2,2,2,2,2,2,2,2,2,2,2,2,2,2,2,2,2,2,2,2,2,2,2,2,2,2,2,2,2,2,2,2,2,2,2,2,2,2,2,2,2,2,2,3,2,2,2,2,2,2,2,2,2,2,3,2,3,2,3,2,2,2,2,2,2,2,2,2,2,3,2,2,2,2,2,2,2,3,2,2,2,2,2,2,2,3,3,,2,2,2,2,2,2,2,2,2,2,2,2,3,2,2,2,2,3,2,2,2,2,2,2,,2,3,2,2,2,2,2,2,3,2,2,2,2,2,2,2,2,2,2,2,2,2,2,2,2,2,2,2,2,2,2,2,2,2,2,2,2,2,2,2,2,2,2,2,2,2,2,2,2,2,2,2,2,2,2,2,2,2,2,2,3,2,2,2,3,2,2,3,2,2,2,2,2,2,2,2,2,2,2,2,2,2,2,2,3,2,2,2,2,2,2,2,2,2,2,2,2,2,2,2,2,2,2,2,2,2,2,2,2,2,2,2,2,2,2,2,2,2,2,2,2,2,,2,2,2,2,2,2,2,2,2,2,2,2,2,2,2,2,2,2,2,2,2,2,2,2,2,2,2,3,2,2,2,2,3,2,2,2,2,2,2,2,2,2,2,2,2,2,2,2,2,2,2,2,2,2,2,2,3,2,3,2,2,2,2,2,2,2,2,3,2,2,2,2,2,2,2,2,2,2,2,2,2,2,2,2,2,2,2,2,,2,2,3,2,2,2,2,2,2,2,2,2,2,2,2,2,2,2,2,2,2,2,2,2,2,2,2,2,2,2,2,2,2,3,6,2,2,2,2,2,3,2,2,2,2,2,3,2,2,2,2,2,2,2,2,2,2,2,2,2,2,2,2,2,2,2,2,2,2,2,2,2,2,2,2,2,2,2,1.983333,2,2.166666,1.983333
21:15,,2,3,2,2,,2,2,2,2,2,2,2,2,2,2,2,2,2,2,2,2,2,2,2,2,2,2,2,2,2,2,3,2,2,2,2,2,2,2,2,2,2,2,2,2,2,2,2,2,2,2,2,2,2,2,2,2,2,2,2,2,2,2,2,2,2,2,2,2,2,2,2,2,2,2,2,2,2,2,2,2,2,2,2,2,2,2,2,2,2,2,2,2,2,2,2,2,2,2,2,2,2,2,2,2,2,2,2,2,2,2,2,2,2,2,2,2,2,2,2,2,2,2,2,2,2,2,2,2,2,2,2,2,2,2,2,2,2,2,2,2,2,2,2,2,2,2,2,2,2,2,2,2,2,2,2,2,2,2,2,2,2,2,2,2,2,2,2,2,2,2,2,2,2,2,2,2,2,2,2,2,2,2,2,2,2,2,2,2,2,2,2,2,2,2,2,2,2,2,2,2,2,2,2,2,2,3,2,2,2,2,2,2,2,2,2,2,2,2,2,2,2,2,2,2,2,2,2,2,2,2,2,2,2,2,2,2,2,2,2,2,2,2,2,2,2,2,2,2,2,2,2,2,2,2,2,2,2,2,2,,2,,2,3,2,2,2,2,2,2,3,2,2,2,2,2,2,2,2,2,3,2,2,2,2,2,2,2,2,2,2,2,2,2,2,2,2,2,2,3,2,2,2,2,2,2,2,2,2,2,2,2,2,2,2,2,2,2,2,2,2,2,2,2,2,2,3,2,2,3,2,2,2,2,2,2,2,2,2,2,2,2,2,2,2,2,2,2,2,2,2,3,2,2,2,2,2,2,2,2,2,2,2,2,2,2,2,2,2,2,2,2,2,2,2,2,2,2,2,2,2,2,2,2,2,2,2,2,2,2,2,2,2,2,2,2,2,2,2,2,2,2,2,2,2,2,2,2,2,2,2,2,2,2,2,2,2,2,2,2,2,2,2,2,2,2,2,2,2,2,2,2,2,2,2,2,2,,2,2,2,2,2,2,2,2,2,2,2,2,2,2,2,2,2,2,2,2,2,2,2,2,2,2,2,2,2,2,2,2,2,2,2,,2,2,3,2,2,2,2,2,2,2,2,2,2,2,2,2,2,2,2,2,2,2,2,2,2,2,2,2,2,2,2,2,2,2,4,2,2,2,2,2,2,3,2,2,2,2,2,2,2,2,2,2,2,2,2,2,2,2,2,2,2,2,2,2,2,2,2,3,2,3,2,2,3,2,3,2,2,2,2.233333,2,2.15,1.95
21:30,,2,2,2,2,,2,2,2,2,2,2,2,2,2,2,3,2,2,2,2,2,2,2,2,2,2,2,2,2,2,2,3,2,2,2,2,2,2,2,2,2,3,2,2,2,2,2,2,2,2,2,2,2,2,2,2,2,2,2,2,2,2,2,2,2,2,2,2,2,2,2,2,2,2,2,2,2,2,2,2,2,2,2,2,2,2,2,2,2,2,2,2,2,2,2,2,2,2,2,2,2,2,2,2,2,2,2,2,2,2,2,2,2,2,2,2,2,2,2,2,2,2,2,2,2,2,2,2,2,2,2,2,2,2,2,2,2,2,2,2,2,2,2,2,2,3,2,2,2,2,2,2,2,2,2,2,2,2,2,2,2,2,2,2,2,2,2,2,2,2,2,2,2,2,2,2,2,2,2,2,2,2,2,2,2,2,2,2,2,2,2,2,2,2,2,2,2,2,2,2,2,2,2,2,2,2,2,2,2,2,2,2,2,2,2,2,2,2,2,2,2,2,2,2,2,2,2,2,2,,2,2,2,2,2,2,2,2,2,2,2,2,2,2,2,2,2,2,2,2,2,2,2,2,2,2,2,2,2,2,2,2,,2,2,2,2,2,3,2,2,2,2,2,2,2,2,2,2,2,2,2,2,2,2,2,2,2,3,2,2,2,2,2,3,2,2,2,2,2,2,2,2,2,2,2,2,2,2,2,2,2,2,2,2,2,2,2,2,2,2,3,2,2,2,2,2,2,2,2,2,2,2,3,2,2,2,2,2,2,2,2,2,2,2,2,2,2,2,2,3,2,2,2,2,2,3,2,2,2,2,2,2,2,2,2,2,2,2,2,2,2,2,2,2,2,2,2,2,2,2,2,2,2,,2,2,2,2,2,2,2,2,2,2,2,2,2,2,2,2,2,2,2,2,2,2,2,2,2,2,2,2,2,2,2,2,2,2,2,2,2,2,2,2,2,2,2,2,2,2,2,2,2,2,2,2,3,2,3,2,2,2,2,2,2,2,2,2,2,2,2,2,2,2,2,2,2,2,2,2,2,2,2,2,2,2,2,2,2,2,2,2,2,,2,2,2,2,2,2,2,2,2,2,2,2,2,2,2,2,2,2,2,3,2,2,2,2,3,2,2,2,2,2,2,2,2,2,2,2,2,2,2,2,2,3,2,2,2,2,2,2,2,2,2,2,2,2,2,2,2,2,2,2,2,2,2,2,2,2,2,3,2,3,2,2,2,2,2,2,2,2,2.15,2,2.333333,2.066666
21:45,,3,2,2,2,,2,2,2,2,2,2,2,2,2,2,2,2,2,2,2,2,2,2,2,2,2,2,2,2,2,2,2,2,2,2,3,2,2,2,2,3,3,2,2,2,2,2,2,2,2,2,2,2,2,2,2,2,2,2,2,2,2,2,2,2,2,2,2,2,2,2,,2,2,2,2,2,2,2,2,2,2,2,2,2,2,2,2,2,2,2,2,2,2,2,2,2,2,2,2,2,2,2,2,2,2,2,2,2,2,2,2,2,2,2,2,2,2,2,2,2,2,2,2,2,2,2,2,2,2,2,2,2,2,2,2,2,2,2,2,2,2,2,2,2,3,2,2,2,2,2,2,2,2,2,2,2,2,2,2,2,2,2,2,2,2,2,2,2,2,2,2,2,2,2,2,2,2,2,2,2,2,2,2,2,2,2,2,2,2,2,2,2,2,2,2,2,2,2,2,2,2,2,2,2,2,2,2,2,2,,2,2,2,2,2,2,2,2,2,2,2,2,2,2,2,2,2,3,2,2,2,2,2,2,2,2,2,2,3,2,2,2,2,2,2,2,2,2,2,2,2,2,2,2,2,2,2,2,2,2,2,,2,2,2,2,2,3,2,2,2,2,2,3,2,2,2,2,2,2,2,2,2,2,2,2,2,2,2,2,2,2,2,2,2,2,2,2,2,2,2,2,2,2,2,2,2,2,2,2,2,2,2,2,2,2,2,2,2,2,2,2,2,2,2,2,2,3,2,2,2,2,2,2,2,2,2,2,2,2,2,2,2,2,2,2,2,2,2,3,2,2,2,2,3,3,2,2,2,2,2,2,2,2,2,2,2,2,2,2,2,2,2,2,2,2,2,2,2,2,2,2,2,,2,2,2,2,2,2,2,2,2,2,2,2,2,2,2,2,2,2,3,2,2,2,2,2,2,2,2,2,2,2,2,4,2,2,2,2,2,2,2,2,2,2,2,2,2,2,2,2,2,2,2,2,3,2,2,2,2,2,2,2,2,2,2,2,2,2,2,2,2,2,2,2,2,2,2,2,2,2,2,3,2,2,2,2,2,2,2,2,2,,2,2,2,3,2,2,2,3,2,2,2,2,2,2,2,2,2,2,2,2,2,2,2,2,3,2,2,2,3,2,2,2,2,2,3,2,2,2,2,2,2,2,2,2,2,2,2,2,2,2,2,2,2,2,2,2,2,2,2,2,2,2,3,3,2,2,2,2,2,2,2,2,2,2,2,2,2,2,2.4,2,2.266666,1.95
22:00,,3,2,2,2,,2,2,2,2,2,2,2,2,2,2,2,2,2,2,2,2,2,2,2,2,2,2,2,2,2,2,2,2,2,2,3,2,2,2,2,2,2,2,2,2,2,2,2,2,2,2,2,2,2,2,2,2,2,2,2,2,2,2,2,2,2,2,2,2,2,,2,2,2,2,2,2,2,2,2,2,2,2,2,2,2,2,2,2,2,2,2,2,2,2,2,2,2,2,2,2,2,2,2,2,2,2,3,2,2,2,2,2,2,2,2,2,2,3,2,2,2,2,2,2,2,2,2,2,2,2,2,2,2,2,2,2,2,2,2,2,2,2,2,2,2,2,2,2,2,2,2,2,2,2,2,2,2,2,2,2,2,2,2,2,2,3,2,2,2,2,2,2,2,2,2,2,2,2,2,2,2,2,2,2,2,2,2,2,2,2,2,2,2,2,2,2,2,2,2,2,2,2,2,2,2,2,2,2,2,2,2,2,2,2,2,2,2,2,2,2,2,2,2,2,2,2,2,3,2,2,2,2,2,2,2,2,2,2,2,2,2,2,2,2,2,2,2,2,2,2,2,2,3,2,3,2,2,2,2,2,2,,2,2,2,2,2,2,2,2,2,2,2,2,2,2,2,2,2,2,2,2,2,2,2,2,2,2,2,2,2,2,2,2,2,2,2,2,2,2,2,2,2,2,2,2,2,2,2,2,2,2,2,2,2,2,2,2,2,2,3,2,2,2,2,2,2,2,2,2,2,2,2,2,2,2,2,2,2,2,2,2,2,2,2,2,2,2,2,2,2,2,2,2,2,2,2,2,2,2,3,2,2,2,2,2,2,2,2,2,2,2,2,2,2,2,2,2,2,2,2,2,2,,2,2,2,2,2,2,2,2,2,2,2,2,2,2,2,2,2,2,3,2,2,2,2,2,2,2,2,2,2,2,2,3,2,2,2,2,2,2,2,2,2,2,2,2,2,2,2,2,2,2,2,2,2,2,2,2,2,2,2,2,2,2,2,2,2,2,2,2,2,2,2,2,2,2,2,2,3,2,2,2,2,2,2,2,2,2,2,2,2,,2,2,2,3,2,2,2,2,2,2,2,2,2,2,2,2,2,2,2,2,2,2,2,2,2,2,2,2,4,2,2,2,2,2,3,2,2,2,2,2,2,2,2,2,2,2,2,2,2,2,2,2,2,2,2,2,2,2,2,3,2,2,2,3,2,2,2,2,2,2,2,2,2,2,2,2,2,2,2.35,2,2.3,1.95
22:15,,2,2,2,2,,2,2,2,2,2,2,2,2,2,2,2,2,2,2,2,2,2,2,3,2,2,2,2,2,2,2,2,2,2,2,2,2,2,2,2,2,2,2,2,2,2,2,2,2,2,2,2,2,2,2,2,2,2,2,2,2,2,,2,2,2,2,2,2,2,2,2,2,2,2,2,2,2,2,2,2,2,2,2,2,2,2,2,2,2,2,2,2,2,2,2,2,2,2,2,2,2,2,2,2,2,2,2,2,2,2,2,2,2,2,2,2,2,2,2,2,2,2,2,2,2,2,2,2,2,2,2,2,2,2,2,2,2,2,2,2,2,2,2,2,2,2,2,2,2,2,2,2,2,2,2,2,2,2,2,2,2,2,2,2,2,2,2,2,2,2,2,2,2,2,2,2,2,2,2,2,2,2,2,2,2,2,2,2,2,2,2,2,2,2,2,2,2,2,2,2,2,2,2,2,2,2,2,2,2,2,,2,2,2,2,2,2,2,2,2,2,2,2,2,2,2,2,,2,2,2,2,2,2,2,2,2,2,2,2,2,2,2,2,2,2,2,2,2,,2,2,2,2,3,2,2,2,2,2,2,,2,2,2,2,2,2,2,2,2,2,2,2,2,2,2,2,2,2,2,2,2,2,2,2,2,2,2,2,2,2,2,2,2,2,2,2,2,2,2,2,2,2,2,2,2,2,2,2,2,2,2,2,2,2,2,2,2,2,2,2,2,3,2,2,2,2,2,2,2,2,2,2,2,2,2,2,2,2,2,2,2,2,2,2,2,2,2,2,2,2,2,2,2,2,2,2,2,2,2,2,2,2,2,2,2,2,2,2,2,2,2,2,2,2,2,2,2,2,2,2,2,,3,2,2,2,2,2,2,2,2,2,2,2,2,2,2,2,2,2,2,2,2,2,2,2,2,2,2,2,2,2,2,2,2,2,2,2,2,2,2,2,2,2,2,2,2,2,2,,2,2,2,2,3,,2,2,2,2,2,2,,2,2,2,2,2,2,2,2,2,2,2,2,2,2,2,2,2,2,2,2,2,2,2,2,2,2,2,2,,2,2,2,2,2,2,2,2,2,3,2,2,2,2,2,2,2,2,2,2,2,2,2,2,2,2,2,2,3,2,2,2,2,2,2,2,2,2,2,2,2,2,2,2,2,2,2,2,2,2,2,2,2,2,2,2,2,3,2,2,2,2,2,2,2,2,2,2,2,2,2,2,2,3,2,2,2,2,2.016666,2,2.45,1.95
22:30,,2,2,2,2,,2,2,2,2,2,2,2,2,2,2,2,2,2,2,2,2,2,2,3,2,2,2,2,2,2,2,2,2,2,2,2,2,2,2,2,2,,2,2,2,,2,2,2,2,2,2,,2,2,,,2,2,2,2,,2,,2,2,2,,2,2,2,2,2,2,2,2,2,2,2,2,2,2,2,2,2,2,2,2,2,2,2,2,2,2,2,2,2,2,2,2,2,2,2,2,2,2,2,2,2,2,2,2,2,2,2,2,2,2,2,2,2,2,2,2,2,2,2,2,2,2,2,2,2,2,2,2,2,2,2,2,2,2,2,2,2,2,2,2,2,2,2,2,2,2,2,2,2,2,2,2,2,2,2,2,2,2,2,2,2,2,2,2,2,2,2,2,2,2,2,2,2,2,2,2,2,2,2,2,2,2,3,2,2,2,2,2,2,3,2,2,2,2,2,2,2,2,2,2,2,2,2,2,2,2,2,2,2,2,2,2,2,2,2,2,2,2,2,2,2,2,2,2,2,2,2,2,2,2,3,2,2,2,2,2,2,2,2,3,2,2,2,2,2,2,2,2,2,2,2,2,2,2,,2,2,2,2,2,2,2,2,2,2,2,2,2,2,2,2,2,2,3,2,2,2,2,3,2,2,2,2,2,2,2,2,2,2,2,2,2,2,2,2,2,2,2,2,2,2,2,2,2,2,2,2,2,2,2,2,2,2,2,2,2,2,2,2,2,2,2,2,2,2,2,2,2,2,2,2,2,2,2,2,2,2,2,2,2,2,2,2,2,2,2,2,2,2,2,2,2,2,2,2,2,2,2,2,2,2,2,2,2,2,2,2,2,2,2,2,2,2,2,2,2,,3,2,2,2,2,2,2,2,2,2,2,2,2,2,2,2,2,2,2,2,2,2,2,2,2,2,2,2,2,2,2,2,2,2,2,2,2,2,2,2,2,2,2,2,2,2,2,3,2,2,2,2,3,2,2,,2,,,2,2,,2,2,2,2,2,2,2,2,2,2,2,2,2,2,2,2,2,2,2,3,2,2,2,2,2,2,3,,2,2,2,2,2,2,2,2,2,2,2,2,2,2,2,2,2,2,2,2,2,2,2,2,2,2,2,2,2,2,2,2,2,2,2,2,2,2,2,2,2,2,2,2,2,2,2,2,2,2,2,2,2,2,2,2,2,3,2,2,2,2,2,2,2,2,3,2,2,2,2,2,2,2,2,2,2,2,1.966666,2,2.133333,1.966666
22:45,,2,2,2,2,,2,2,2,2,2,2,2,2,2,2,2,3,2,2,2,2,2,2,2,2,2,2,2,2,2,2,2,3,2,2,2,2,2,2,2,2,2,2,2,2,2,2,2,2,2,2,2,2,2,2,2,2,2,2,2,2,2,2,2,2,2,2,2,2,2,2,2,2,2,2,2,2,2,2,2,2,2,2,2,2,2,2,2,2,2,2,2,2,2,2,2,2,2,2,2,2,2,2,2,2,2,2,3,2,2,2,2,2,2,2,2,2,2,2,2,2,2,2,2,2,2,2,2,2,2,2,2,2,2,2,2,2,2,2,2,2,2,2,2,2,2,2,2,2,2,2,2,2,2,2,2,2,2,2,2,2,2,2,2,2,2,2,2,2,2,2,2,2,2,2,2,2,2,2,2,2,2,2,2,2,2,2,2,2,2,2,2,2,2,2,2,2,2,2,2,2,2,2,2,2,2,2,2,2,2,2,2,2,2,2,2,2,2,2,2,,2,2,2,2,2,2,2,2,2,2,2,2,2,2,2,2,2,2,2,2,2,2,2,2,2,2,2,2,2,2,2,2,2,2,2,2,2,2,2,2,3,,2,2,2,2,2,2,2,2,2,3,2,2,2,2,2,2,2,2,3,2,2,2,2,2,2,2,2,3,2,2,2,2,2,2,2,2,2,2,2,2,2,2,2,2,2,2,2,2,2,2,3,2,2,2,2,2,2,2,2,2,2,2,2,2,2,2,2,2,2,2,2,2,2,2,2,2,2,2,2,2,2,2,2,2,2,2,2,2,2,2,2,2,2,2,2,2,2,2,2,2,2,2,2,2,2,2,2,2,2,2,2,2,2,2,2,2,2,2,2,2,2,,2,2,2,2,2,2,2,2,2,2,2,2,2,2,2,2,2,2,2,2,2,2,2,2,2,2,2,2,,2,2,2,2,2,2,2,2,2,3,2,3,2,2,2,2,2,2,2,2,2,2,2,2,2,2,2,2,2,2,2,2,2,2,2,2,2,2,2,2,2,2,2,2,2,2,2,2,2,2,2,2,2,2,2,2,2,2,2,2,,2,2,2,2,2,2,2,2,2,2,2,2,3,2,2,2,2,2,2,2,2,2,2,2,2,2,2,3,3,2,2,2,2,2,2,2,2,2,2,2,2,2,2,2,2,2,2,2,2,2,2,2,2,2,2,2,2,2,2,2,2,2,2,2,2,2,3,2,2,2,3,2,2,2,2,2,2,2,1.966666,2,1.966666,1.983333
Grand Total,4,159,164,159,199,151,52,214,201,161,161,201,217,205,160,194,168,162,198,214,198,203,202,175,154,163,233,203,205,202,161,162,214,218,207,205,199,163,158,201,216,205,219,187,163,156,207,217,208,206,193,159,155,190,215,200,212,193,161,155,212,211,199,192,183,148,150,207,179,183,188,190,154,156,185,187,189,197,166,156,157,196,189,197,187,190,160,156,201,198,202,194,190,164,157,190,197,197,209,195,167,157,191,158,209,199,255,158,158,203,196,194,204,190,157,155,201,196,196,206,191,158,154,207,195,324,201,198,176,162,201,208,206,200,208,172,167,217,223,249,226,214,173,170,229,215,216,213,207,174,169,221,214,225,212,206,172,170,222,237,213,214,218,176,169,219,206,211,216,207,171,164,213,215,213,210,202,170,167,206,210,181,199,197,174,169,215,214,227,223,205,175,167,196,266,211,247,211,191,169,228,232,222,214,208,179,167,225,222,217,230,209,177,169,215,219,217,219,211,171,165,292,282,233,211,208,175,171,205,213,200,205,193,167,165,158,190,188,190,181,164,164,166,191,196,194,201,170,159,209,211,212,213,207,167,163,220,233,206,231,196,175,74,201,236,224,236,217,181,178,216,208,211,213,200,170,166,213,210,210,248,210,175,162,199,245,224,212,205,164,166,209,208,216,221,197,176,170,236,279,211,236,205,167,161,220,209,216,210,208,171,167,218,230,211,211,206,172,173,210,213,215,206,206,168,167,206,219,209,204,198,169,166,168,215,208,208,204,168,165,206,213,209,215,197,168,162,205,234,212,216,207,170,173,307,211,208,218,214,169,166,203,205,174,201,206,171,165,212,209,204,172,196,174,162,214,208,242,208,219,166,163,168,237,234,237,241,168,165,230,213,210,215,208,168,165,214,203,225,198,200,173,166,214,213,203,211,203,171,161,191,216,206,198,229,167,164,208,208,200,208,200,169,164,209,204,218,196,196,168,163,191,209,202,201,192,168,165,203,194,222,201,196,156,156,187,202,197,193,201,160,164,189,197,194,201,197,168,162,202,196,205,227,196,174,165,194,201,202,171,197,169,164,199,212,154,96,197,172,170,208,201,211,220,200,170,165,204,208,211,214,210,173,167,215,222,211,212,208,167,169,212,258,213,219,211,177,169,213,216,215,218,210,177,169,218,219,223,225,247,177,170,236,240,245,261,225,180,167,252,251,220,244,240,186,169,259,256,241,218,200,172,165,213,261,215,213,172,177,165,227,214,211,211,206,172,171.049982,176.033311
